id,row,street,role,block,size,member_ids,frontage_combined_m,depth_min_m,depth_max_m,setback_min_m,setback_max_m,floors_min,floors_max,footprint_sum_m2,union_area_m2,hull_area_m2,cells_front,cells_back,cells_sides_preservable,cells_total_preservable,cells_total_current,entrances_assumed,n_no_entrance,n_interior_programmed,n_corner_chamfer,n_unit,residual_absorbable_m2,street_overlap_m2,plaza_overlap_m2,water_overlap_m2,back_min_dist_m,back_neighbor_id,back_flag,n_small_members,n_narrow_members,landmark_ids,unit_ids,end_left_kind,end_right_kind
K0_3_00_2,K0_3,Independencia,lane,0,2,K0_3_0|K0_3_1,12.972,8,8,0.0,1.0,3,3,103.776,103.776,110.262,18,18,12,48,72,2,0,0,0,0,8.258,0.003,0.0,0.0,0.0,K0_1_0,back_touching,0,0,,,row_end:tip_keep,wall
K0_6_00_2,K0_6,,river,0,2,K0_6_0|K0_6_1,17.826,4,8,-0.4,0.0,2,3,118.84,118.84,134.289,21,21,14,56,70,0,2,0,0,0,9.935,0.0,0.0,0.165,3.811,K0_1_0,clear,1,0,,,row_end:open,wall
K1_3_03_2,K1_3,Capitan_Salida,secondary,1,2,K1_3_3|K1_3_4,16.696,6,8,1.2,1.2,3,3,116.872,116.872,125.227,24,24,21,69,84,2,0,0,0,0,33.037,0.194,0.0,0.0,0.0,K1_7_1,back_touching,0,0,,,wall,building
K1_3_04_2,K1_3,Capitan_Salida,secondary,1,2,K1_3_4|K1_3_5,12.522,6,8,0.0,1.2,3,3,91.828,91.828,103.515,18,18,12,48,69,2,0,0,0,0,13.844,0.0,0.0,0.0,0.0,K1_4_0,back_touching,0,1,,,building,row_end:tip_keep
K1_3_03_3,K1_3,Capitan_Salida,secondary,1,3,K1_3_3|K1_3_4|K1_3_5,20.87,6,8,0.0,1.2,3,3,141.916,141.916,166.968,30,30,9,69,105,3,0,0,0,0,33.186,0.194,0.0,0.0,0.0,K1_4_0,back_touching,0,1,,,wall,row_end:tip_keep
K1_7_00_2,K1_7,Cervantes,lane,1,2,K1_7_0|K1_7_1,13.446,4,6,0.0,0.5,3,3,67.23,67.23,73.953,18,18,15,51,66,2,0,0,1,0,8.152,0.0,0.0,0.0,0.0,K1_3_4,back_touching,0,0,,,row_end:open,row_end:open
K2_0_00_2,K2_0,Ribera,secondary,2,2,K2_0_0|K2_0_1,13.566,6,6,0.0,0.0,4,4,81.396,81.396,81.396,24,24,0,48,51,2,0,0,0,0,0.006,0.002,0.0,0.0,0.0,K2_14_1,back_touching,0,0,,,row_end:tip_keep,building
K2_0_01_2,K2_0,Ribera,secondary,2,2,K2_0_1|K2_0_2,13.566,6,6,0.0,0.0,4,4,81.396,81.396,81.402,24,24,6,54,57,2,0,0,0,0,0.006,0.002,0.0,0.0,4.277,K2_14_1,clear,0,0,,,building,building
K2_0_02_2,K2_0,Ribera,secondary,2,2,K2_0_2|K2_0_3,13.566,6,6,0.0,0.0,3,4,81.396,81.396,81.396,21,21,12,54,57,2,0,0,0,0,0.379,0.002,0.0,0.0,0.0,K2_1_0,back_touching,0,0,,,building,row_end:concave
K2_0_00_3,K2_0,Ribera,secondary,2,3,K2_0_0|K2_0_1|K2_0_2,20.349,6,6,0.0,0.0,4,4,122.094,122.094,122.1,36,36,3,75,81,3,0,0,0,0,0.006,0.004,0.0,0.0,0.0,K2_14_1,back_touching,0,0,,,row_end:tip_keep,building
K2_0_01_3,K2_0,Ribera,secondary,2,3,K2_0_1|K2_0_2|K2_0_3,20.349,6,6,0.0,0.0,3,4,122.094,122.094,122.1,33,33,12,78,84,3,0,0,0,0,0.379,0.003,0.0,0.0,0.0,K2_1_0,back_touching,0,0,,,building,row_end:concave
K2_0_00_4,K2_0,Ribera,secondary,2,4,K2_0_0|K2_0_1|K2_0_2|K2_0_3,27.132,6,6,0.0,0.0,3,4,162.792,162.792,162.798,45,45,9,99,108,4,0,0,0,0,0.379,0.005,0.0,0.0,0.0,K2_14_1,back_touching,0,0,,,row_end:tip_keep,row_end:concave
K2_1_00_2,K2_1,Ribera,secondary,2,2,K2_1_0|K2_1_1,15.492,6,8,0.0,0.0,2,4,116.19,116.19,120.063,20,20,20,60,74,2,0,0,0,0,1.573,0.003,0.0,0.0,0.0,K2_0_3,back_touching,1,1,,,row_end:concave,row_end:concave
K2_2_00_2,K2_2,Ribera,secondary,2,2,K2_2_0|K2_2_1,12.873,4,8,0.0,0.0,2,2,85.82,85.82,94.402,12,12,8,32,42,2,0,0,0,0,4.028,0.004,0.0,0.0,0.0,K2_5_0,back_touching,1,1,,,row_end:concave,row_end:tip_keep
K2_6_00_2,K2_6,,plaza,2,2,K2_6_0|K2_6_1,14.142,6,8,0.0,0.0,3,4,96.974,96.974,105.055,25,25,12,62,77,2,0,0,0,0,0.231,0.0,0.0,0.0,0.0,K2_2_0,back_touching,0,0,,,row_end:concave,row_end:tip_keep
K2_7_00_2,K2_7,,plaza,2,2,K2_7_0|K2_7_1,11.662,6,8,0.0,0.0,4,4,77.746,77.746,85.521,24,24,0,48,64,2,0,0,0,0,0.0,0.0,0.0,0.0,0.0,K2_6_1,back_touching,1,1,,,row_end:tip_cede,row_end:tip_keep
K2_10_00_2,K2_10,,river,2,2,K2_10_0|K2_10_1,13.092,6,6,0.0,0.0,2,4,78.552,78.552,78.552,18,18,0,36,42,0,2,0,0,0,0.0,0.0,0.0,5.267,0.0,K2_8_0,back_touching,0,0,,,row_end:hidden,building
K2_10_01_2,K2_10,,river,2,2,K2_10_1|K2_10_2,13.092,6,6,0.0,0.0,2,4,78.552,78.552,78.552,18,18,3,39,45,0,2,0,0,0,0.0,0.0,0.0,6.089,3.617,K2_8_0,clear,0,0,,,building,building
K2_10_02_2,K2_10,,river,2,2,K2_10_2|K2_10_3,13.092,6,6,0.0,0.0,3,4,78.552,78.552,78.552,21,21,15,57,60,0,2,0,0,0,0.701,0.0,0.0,3.675,9.88,K2_8_0,clear,0,0,,,building,row_end:concave
K2_10_00_3,K2_10,,river,2,3,K2_10_0|K2_10_1|K2_10_2,19.638,6,6,0.0,0.0,2,4,117.828,117.828,117.828,30,30,3,63,75,0,3,0,0,0,0.0,0.0,0.0,7.946,0.0,K2_8_0,back_touching,0,0,,,row_end:hidden,building
K2_10_01_3,K2_10,,river,2,3,K2_10_1|K2_10_2|K2_10_3,19.638,6,6,0.0,0.0,2,4,117.828,117.828,117.828,27,27,9,63,72,0,3,0,0,0,0.701,0.0,0.0,7.086,3.617,K2_8_0,clear,0,0,,,building,row_end:concave
K2_10_00_4,K2_10,,river,2,4,K2_10_0|K2_10_1|K2_10_2|K2_10_3,26.184,6,6,0.0,0.0,2,4,157.104,157.104,157.104,39,39,9,87,102,0,4,0,0,0,0.701,0.0,0.0,8.942,0.0,K2_8_0,back_touching,0,0,,,row_end:hidden,row_end:concave
K2_14_00_2,K2_14,Ribera,secondary,2,2,K2_14_0|K2_14_1,13.62,6,6,0.0,0.0,2,2,81.72,81.72,81.72,12,12,0,24,27,2,0,0,0,0,6.438,0.003,0.0,0.0,0.0,K2_0_0,back_touching,0,0,,,row_end:tip_keep,row_end:tip_cede
K3_0_00_2,K3_0,Independencia,lane,3,2,K3_0_0|K3_0_1,16.8,8,8,0.0,1.2,3,3,134.4,134.4,144.48,24,24,24,72,96,2,0,0,0,0,17.071,0.001,0.0,0.0,1.375,K3_12_1,back_gap_lt_clearance,0,0,,,row_end:open,building
K3_0_01_2,K3_0,Independencia,lane,3,2,K3_0_1|K3_0_2,16.8,8,8,0.0,1.2,3,3,134.4,134.4,144.48,24,24,24,72,96,2,0,0,0,0,11.439,0.001,0.0,0.0,1.946,K3_12_1,clear,0,0,,,building,row_end:concave
K3_0_00_3,K3_0,Independencia,lane,3,3,K3_0_0|K3_0_1|K3_0_2,25.2,8,8,0.0,1.2,3,3,201.6,201.6,221.76,36,36,24,96,144,3,0,0,0,0,18.431,0.002,0.0,0.0,1.375,K3_12_1,back_gap_lt_clearance,0,0,,,row_end:open,row_end:concave
K3_5_00_2,K3_5,,river,3,2,K3_5_0|K3_5_1,12.44,6,6,0.0,0.0,2,4,74.64,74.64,74.64,18,18,15,51,57,0,2,0,0,0,10.6,0.207,0.0,0.06,0.165,K3_1_0,back_gap_lt_clearance,0,0,,,row_end:open,building
K3_5_01_2,K3_5,,river,3,2,K3_5_1|K3_5_2,12.44,6,6,0.0,0.0,2,4,74.64,74.64,74.64,18,18,12,48,57,0,2,0,0,0,2.921,0.0,0.0,0.117,0.0,K3_1_0,back_touching,0,0,,,building,row_end:concave
K3_5_00_3,K3_5,,river,3,3,K3_5_0|K3_5_1|K3_5_2,18.66,6,6,0.0,0.0,2,4,111.96,111.96,111.96,24,24,12,60,75,0,3,0,0,0,10.805,0.207,0.0,0.131,0.0,K3_1_0,back_touching,0,0,,,row_end:open,row_end:concave
K3_6_00_2,K3_6,,river,3,2,K3_6_0|K3_6_1,13.864,8,8,0.0,0.0,2,2,110.912,110.912,110.912,14,14,16,44,48,0,2,0,0,0,8.644,0.0,0.0,0.119,0.0,K3_9_0,back_touching,0,0,,,row_end:concave,row_end:open
K3_10_00_2,K3_10,Cervantes,lane,3,2,K3_10_0|K3_10_1,10.085,8,8,0.0,0.0,2,3,80.68,80.68,80.68,13,13,8,34,38,2,0,0,0,0,1.39,0.0,0.0,0.0,0.0,K3_11_0,back_touching,0,1,,,row_end:concave,row_end:tip_keep
K3_12_00_2,K3_12,Cervantes,lane,3,2,K3_12_0|K3_12_1,17.011,8,8,-0.4,0.0,3,3,136.088,136.088,139.49,24,24,12,60,84,2,0,0,0,0,0.007,2.551,0.0,0.0,0.0,K3_11_0,back_touching,0,0,,,row_end:tip_keep,building
K3_12_01_2,K3_12,Cervantes,lane,3,2,K3_12_1|K3_12_2,12.758,6,8,-0.4,0.0,3,3,89.306,89.306,95.692,18,18,21,57,78,2,0,0,1,0,3.156,2.551,0.0,0.0,1.375,K3_0_0,back_gap_lt_clearance,0,0,,,building,row_end:open
K3_12_00_3,K3_12,Cervantes,lane,3,3,K3_12_0|K3_12_1|K3_12_2,23.39,6,8,-0.4,0.0,3,3,174.362,174.362,184.15,33,33,9,75,120,3,0,0,1,0,3.157,2.551,0.0,0.0,0.0,K3_11_0,back_touching,0,0,,,row_end:tip_keep,row_end:open
K4_0_00_2,K4_0,Espina_E,main,4,2,K4_0_0|K4_0_1,13.555,8,8,0.0,0.0,4,4,108.44,108.44,108.44,28,28,32,88,92,2,0,0,0,0,5.798,0.0,0.0,0.0,2.462,K4_5_0,clear,1,1,,,row_end:open,building
K4_0_01_2,K4_0,Espina_E,main,4,2,K4_0_1|K4_0_2,19.364,8,8,-0.4,0.0,4,4,154.912,154.912,158.785,40,40,4,84,116,2,0,0,0,0,0.254,3.366,0.0,0.0,1.63,K4_4_2,clear,0,0,,,building,building
K4_0_02_2,K4_0,Espina_E,main,4,2,K4_0_2|K4_0_3,19.364,8,8,-0.4,-0.4,4,4,154.912,154.912,154.912,40,40,24,104,108,2,0,0,0,0,0.055,6.467,0.0,0.0,1.165,K4_4_1,back_gap_lt_clearance,0,0,,,building,building
K4_0_03_2,K4_0,Espina_E,main,4,2,K4_0_3|K4_0_4,19.364,8,8,-0.4,-0.4,3,4,154.912,154.912,154.912,35,35,4,74,82,2,0,0,0,0,0.0,5.935,0.0,0.0,0.701,K4_4_0,back_gap_lt_clearance,0,0,,,building,building
K4_0_04_2,K4_0,Espina_E,main,4,2,K4_0_4|K4_0_5,17.428,8,8,-0.4,-0.4,3,3,139.424,139.424,139.424,27,27,12,66,70,2,0,0,0,0,0.218,4.911,0.0,0.0,0.195,K4_1_0,back_gap_lt_clearance,0,0,,,building,building
K4_0_05_2,K4_0,Espina_E,main,4,2,K4_0_5|K4_0_6,15.492,8,8,-0.4,0.0,3,3,123.936,123.928,127.026,24,24,0,48,72,2,0,0,0,0,5.057,2.502,0.0,0.0,0.0,K4_1_0,back_touching,0,0,,,building,row_end:tip_keep
K4_0_00_3,K4_0,Espina_E,main,4,3,K4_0_0|K4_0_1|K4_0_2,23.237,8,8,-0.4,0.0,4,4,185.896,185.896,190.543,48,48,20,116,152,3,0,0,0,0,5.798,3.366,0.0,0.0,1.63,K4_4_2,clear,1,1,,,row_end:open,building
K4_0_01_3,K4_0,Espina_E,main,4,3,K4_0_1|K4_0_2|K4_0_3,29.046,8,8,-0.4,0.0,4,4,232.368,232.368,238.177,60,60,8,128,164,3,0,0,0,0,0.254,6.467,0.0,0.0,1.165,K4_4_1,back_gap_lt_clearance,0,0,,,building,building
K4_0_02_3,K4_0,Espina_E,main,4,3,K4_0_2|K4_0_3|K4_0_4,29.046,8,8,-0.4,-0.4,3,4,232.368,232.368,232.368,55,55,20,130,142,3,0,0,0,0,0.055,9.301,0.0,0.0,0.701,K4_4_0,back_gap_lt_clearance,0,0,,,building,building
K4_0_03_3,K4_0,Espina_E,main,4,3,K4_0_3|K4_0_4|K4_0_5,27.11,8,8,-0.4,-0.4,3,4,216.88,216.88,216.88,47,47,12,106,118,3,0,0,0,0,0.218,8.011,0.0,0.0,0.195,K4_1_0,back_gap_lt_clearance,0,0,,,building,building
K4_0_04_3,K4_0,Espina_E,main,4,3,K4_0_4|K4_0_5|K4_0_6,25.174,8,8,-0.4,0.0,3,3,201.392,201.384,206.419,39,39,0,78,106,3,0,0,0,0,5.057,5.336,0.0,0.0,0.0,K4_1_0,back_touching,0,0,,,building,row_end:tip_keep
K4_0_00_4,K4_0,Espina_E,main,4,4,K4_0_0|K4_0_1|K4_0_2|K4_0_3,32.919,8,8,-0.4,0.0,4,4,263.352,263.352,269.936,68,68,24,160,200,4,0,0,0,0,5.798,6.467,0.0,0.0,1.165,K4_4_1,back_gap_lt_clearance,1,1,,,row_end:open,building
K4_0_01_4,K4_0,Espina_E,main,4,4,K4_0_1|K4_0_2|K4_0_3|K4_0_4,38.728,8,8,-0.4,0.0,3,4,309.824,309.824,317.57,75,75,4,154,198,4,0,0,0,0,0.254,9.301,0.0,0.0,0.701,K4_4_0,back_gap_lt_clearance,0,0,,,building,building
K4_0_02_4,K4_0,Espina_E,main,4,4,K4_0_2|K4_0_3|K4_0_4|K4_0_5,36.792,8,8,-0.4,-0.4,3,4,294.336,294.336,294.336,67,67,28,162,178,4,0,0,0,0,0.272,11.378,0.0,0.0,0.195,K4_1_0,back_gap_lt_clearance,0,0,,,building,building
K4_0_03_4,K4_0,Espina_E,main,4,4,K4_0_3|K4_0_4|K4_0_5|K4_0_6,34.856,8,8,-0.4,0.0,3,4,278.848,278.84,285.811,59,59,0,118,154,4,0,0,0,0,5.057,8.437,0.0,0.0,0.0,K4_1_0,back_touching,0,0,,,building,row_end:tip_keep
K4_0_00_5,K4_0,Espina_E,main,4,5,K4_0_0|K4_0_1|K4_0_2|K4_0_3|K4_0_4,42.601,8,8,-0.4,0.0,3,4,340.808,340.808,349.328,83,83,20,186,234,5,0,0,0,0,5.798,9.301,0.0,0.0,0.701,K4_4_0,back_gap_lt_clearance,1,1,,,row_end:open,building
K4_0_01_5,K4_0,Espina_E,main,4,5,K4_0_1|K4_0_2|K4_0_3|K4_0_4|K4_0_5,46.474,8,8,-0.4,0.0,3,4,371.792,371.792,381.087,87,87,12,186,234,5,0,0,0,0,0.472,11.378,0.0,0.0,0.195,K4_1_0,back_gap_lt_clearance,0,0,,,building,building
K4_0_02_5,K4_0,Espina_E,main,4,5,K4_0_2|K4_0_3|K4_0_4|K4_0_5|K4_0_6,44.538,8,8,-0.4,0.0,3,4,356.304,356.296,365.204,79,79,16,174,214,5,0,0,0,0,5.112,11.803,0.0,0.0,0.0,K4_1_0,back_touching,0,0,,,building,row_end:tip_keep
K4_0_00_6,K4_0,Espina_E,main,4,6,K4_0_0|K4_0_1|K4_0_2|K4_0_3|K4_0_4|K4_0_5,50.347,8,8,-0.4,0.0,3,4,402.776,402.776,412.845,95,95,28,218,270,6,0,0,0,0,6.016,11.378,0.0,0.0,0.195,K4_1_0,back_gap_lt_clearance,1,1,,,row_end:open,building
K4_0_01_6,K4_0,Espina_E,main,4,6,K4_0_1|K4_0_2|K4_0_3|K4_0_4|K4_0_5|K4_0_6,54.22,8,8,-0.4,0.0,3,4,433.76,433.752,451.954,99,99,0,198,270,6,0,0,0,0,5.311,11.803,0.0,0.0,0.0,K4_1_0,back_touching,0,0,,,building,row_end:tip_keep
K4_4_00_2,K4_4,Ribera,secondary,4,2,K4_4_0|K4_4_1,19.612,8,8,0.0,0.0,3,4,156.896,156.896,156.896,35,35,4,74,78,2,0,0,0,0,0.0,0.002,0.0,0.0,0.0,K4_3_0,back_touching,0,0,,,row_end:tip_keep,building
K4_4_01_2,K4_4,Ribera,secondary,4,2,K4_4_1|K4_4_2,17.651,8,8,0.0,0.0,4,4,141.208,141.2,141.2,36,36,20,92,96,2,0,0,0,0,0.561,0.002,0.0,0.0,0.0,K4_5_0,back_touching,0,0,,,building,row_end:concave
K4_4_00_3,K4_4,Ribera,secondary,4,3,K4_4_0|K4_4_1|K4_4_2,27.457,8,8,0.0,0.0,3,4,219.656,219.648,219.648,51,51,16,118,126,3,0,0,0,0,0.561,0.003,0.0,0.0,0.0,K4_3_0,back_touching,0,0,,,row_end:tip_keep,row_end:concave
K4_5_00_2,K4_5,Ribera,secondary,4,2,K4_5_0|K4_5_1,22.132,6,8,0.0,0.0,3,4,152.912,152.912,164.984,38,38,25,101,117,2,0,0,0,0,4.561,0.004,0.0,0.0,0.0,K4_4_2,back_touching,0,0,,,row_end:concave,row_end:open
K5_0_00_2,K5_0,Capitan_Salida,secondary,5,2,K5_0_0|K5_0_1,15.426,6,8,0.0,0.0,2,3,107.982,107.982,115.695,20,20,17,57,68,2,0,0,0,0,5.802,0.0,0.0,0.0,0.0,K5_1_0,back_touching,0,0,,,row_end:open,row_end:concave
K5_1_00_2,K5_1,Capitan_Salida,secondary,5,2,K5_1_0|K5_1_1,14.78,8,8,0.0,0.0,2,3,118.24,118.24,118.24,17,17,8,42,50,2,0,0,0,0,0.837,0.0,0.0,0.0,0.0,K5_0_1,back_touching,0,0,,,row_end:concave,building
K5_1_01_2,K5_1,Capitan_Salida,secondary,5,2,K5_1_1|K5_1_2,14.78,8,8,0.0,0.0,3,3,118.24,118.24,118.24,21,21,20,62,66,2,0,0,0,0,1.424,0.0,0.0,0.0,0.0,K5_2_0,back_touching,0,0,,,building,building
K5_1_02_2,K5_1,Capitan_Salida,secondary,5,2,K5_1_2|K5_1_3,12.669,6,8,0.0,0.0,3,4,92.906,92.906,97.129,20,20,16,56,74,2,0,0,1,0,3.138,0.007,0.0,0.0,0.0,K5_2_0,back_touching,0,1,,,building,row_end:open
K5_1_00_3,K5_1,Capitan_Salida,secondary,5,3,K5_1_0|K5_1_1|K5_1_2,23.226,8,8,0.0,0.0,2,3,185.808,185.808,185.808,29,29,20,78,90,3,0,0,0,0,1.712,0.0,0.0,0.0,0.0,K5_2_0,back_touching,0,0,,,row_end:concave,building
K5_1_01_3,K5_1,Capitan_Salida,secondary,5,3,K5_1_1|K5_1_2|K5_1_3,19.003,6,8,0.0,0.0,3,4,143.578,143.578,147.801,29,29,20,78,100,3,0,0,1,0,3.463,0.007,0.0,0.0,0.0,K5_2_0,back_touching,0,1,,,building,row_end:open
K5_1_00_4,K5_1,Capitan_Salida,secondary,5,4,K5_1_0|K5_1_1|K5_1_2|K5_1_3,27.449,6,8,0.0,0.0,2,4,211.146,211.146,215.369,37,37,20,94,124,4,0,0,1,0,3.751,0.007,0.0,0.0,0.0,K5_2_0,back_touching,0,1,,,row_end:concave,row_end:open
K5_3_00_2,K5_3,El_Sol,lane,5,2,K5_3_0|K5_3_1,16.381,8,8,0.0,0.0,3,3,131.048,131.048,131.048,24,24,0,48,48,2,0,0,0,0,0.0,0.006,0.0,0.0,0.0,K5_2_0,back_touching,0,1,,,row_end:tip_keep,row_end:tip_cede
K6_0_00_2,K6_0,El_Sol,lane,6,2,K6_0_0|K6_0_1,17.775,6,8,0.0,0.0,2,2,126.4,126.4,134.3,18,18,14,50,58,2,0,0,0,0,8.071,0.003,0.0,0.0,2.54,K6_11_2,clear,0,0,,,row_end:open,row_end:concave
K6_1_00_2,K6_1,El_Sol,lane,6,2,K6_1_0|K6_1_1,17.678,6,8,0.0,0.0,2,3,129.638,129.638,135.531,21,21,17,59,70,2,0,0,0,0,0.881,0.0,0.0,0.0,0.0,K6_2_0,back_touching,0,0,,,row_end:concave,row_end:concave
K6_3_00_2,K6_3,Capitan,secondary,6,2,K6_3_0|K6_3_1,13.274,6,6,0.0,0.0,3,4,79.644,79.644,79.644,21,21,12,54,57,2,0,0,1,0,1.62,0.002,0.0,0.0,0.0,K6_4_0,back_touching,0,0,,,row_end:open,row_end:tip_keep
K6_10_00_2,K6_10,,river,6,2,K6_10_0|K6_10_1,17.883,6,8,0.0,0.0,2,2,123.194,123.194,133.129,18,18,10,46,57,0,2,0,0,0,1.865,0.0,0.0,0.006,1.732,K6_8_0,clear,0,0,,,row_end:open,building
K6_10_01_2,K6_10,,river,6,2,K6_10_1|K6_10_2,15.896,8,8,0.0,0.0,2,2,127.168,127.168,127.168,16,16,8,40,44,0,2,0,0,0,0.0,0.0,0.0,0.01,0.0,K6_11_0,back_touching,0,0,,,building,row_end:tip_cede
K6_10_00_3,K6_10,,river,6,3,K6_10_0|K6_10_1|K6_10_2,25.831,6,8,0.0,0.0,2,2,186.778,186.778,196.713,26,26,6,58,73,0,3,0,0,0,1.865,0.0,0.0,0.012,0.0,K6_11_0,back_touching,0,0,,,row_end:open,row_end:tip_cede
K6_11_00_2,K6_11,,river,6,2,K6_11_0|K6_11_1,13.47,6,6,0.0,0.0,3,3,80.82,80.82,80.82,18,18,0,36,36,0,2,0,0,0,0.002,0.0,0.0,0.0,0.0,K6_10_2,back_touching,0,0,,,row_end:tip_keep,building
K6_11_01_2,K6_11,,river,6,2,K6_11_1|K6_11_2,13.47,6,6,0.0,0.0,3,4,80.82,80.814,80.814,21,21,12,54,57,0,2,0,0,0,0.004,0.0,0.0,0.0,2.54,K6_0_1,clear,0,0,,,building,building
K6_11_02_2,K6_11,,river,6,2,K6_11_2|K6_11_3,13.47,4,6,0.0,0.0,2,4,67.35,67.35,74.085,18,18,7,43,55,0,2,0,1,0,2.576,0.0,0.0,0.0,2.54,K6_0_1,clear,0,0,,,building,row_end:open
K6_11_00_3,K6_11,,river,6,3,K6_11_0|K6_11_1|K6_11_2,20.205,6,6,0.0,0.0,3,4,121.23,121.224,121.224,30,30,12,72,75,0,3,0,0,0,0.004,0.0,0.0,0.0,0.0,K6_10_2,back_touching,0,0,,,row_end:tip_keep,building
K6_11_01_3,K6_11,,river,6,3,K6_11_1|K6_11_2|K6_11_3,20.205,4,6,0.0,0.0,2,4,107.76,107.754,114.489,27,27,4,58,73,0,3,0,1,0,2.577,0.0,0.0,0.0,2.54,K6_0_1,clear,0,0,,,building,row_end:open
K6_11_00_4,K6_11,,river,6,4,K6_11_0|K6_11_1|K6_11_2|K6_11_3,26.94,4,6,0.0,0.0,2,4,148.17,148.164,154.899,36,36,4,76,91,0,4,0,1,0,2.578,0.0,0.0,0.0,0.0,K6_10_2,back_touching,0,0,,,row_end:tip_keep,row_end:open
K7_0_00_2,K7_0,Calle_Alta_Salida,secondary,7,2,K7_0_0|K7_0_1,14.424,4,8,0.0,0.0,2,4,98.908,98.908,107.15,18,18,8,44,56,2,0,0,0,0,4.497,0.25,0.0,0.0,0.0,K7_1_0,back_touching,1,1,,,row_end:open,row_end:tip_keep
K7_1_00_2,K7_1,Obispo_Bajo,secondary,7,2,K7_1_0|K7_1_1,10.743,4,6,0.0,0.0,2,4,51.566,51.566,58.012,14,14,0,28,40,2,0,0,0,0,0.0,0.005,0.0,0.0,0.0,K7_0_1,back_touching,0,1,,,row_end:tip_cede,row_end:tip_cede
K7_2_00_2,K7_2,Obispo_Bajo,secondary,7,2,K7_2_0|K7_2_1,14.908,8,8,0.0,0.0,4,4,119.264,119.264,119.264,32,32,0,64,68,2,0,0,0,0,0.001,0.005,0.0,0.0,0.0,K7_1_1,back_touching,0,0,,,row_end:tip_keep,row_end:tip_cede
K7_3_00_2,K7_3,Obispo_Bajo,secondary,7,2,K7_3_0|K7_3_1,14.248,8,8,0.0,0.5,4,4,113.984,113.984,117.546,32,32,16,80,112,2,0,0,0,0,3.57,0.0,0.0,0.0,0.0,K7_2_1,back_touching,0,0,,,row_end:tip_keep,building
K7_3_01_2,K7_3,Obispo_Bajo,secondary,7,2,K7_3_1|K7_3_2,14.248,4,8,0.0,0.5,4,4,85.488,85.488,103.304,32,32,24,88,112,2,0,0,0,0,8.803,0.0,0.0,0.0,0.595,K7_2_1,back_gap_lt_clearance,0,0,,,building,row_end:open
K7_3_00_3,K7_3,Obispo_Bajo,secondary,7,3,K7_3_0|K7_3_1|K7_3_2,21.372,4,8,0.0,0.5,4,4,142.48,142.48,163.858,48,48,8,104,160,3,0,0,0,0,8.805,0.0,0.0,0.0,0.0,K7_2_1,back_touching,0,0,,,row_end:tip_keep,row_end:open
K7_6_01_2,K7_6,Espina_E,main,7,2,K7_6_1|K7_6_2,12.138,8,8,1.0,1.0,4,4,97.104,97.104,97.104,24,24,32,80,84,2,0,0,0,0,16.845,0.0,0.0,0.0,0.772,K7_3_1,back_gap_lt_clearance,0,0,,,wall,building
K7_6_02_2,K7_6,Espina_E,main,7,2,K7_6_2|K7_6_3,18.207,8,8,1.0,1.2,4,4,145.656,145.656,147.485,36,36,20,92,124,2,0,0,0,0,23.533,0.0,0.0,0.0,2.709,K7_3_1,clear,0,0,,,building,building
K7_6_03_2,K7_6,Espina_E,main,7,2,K7_6_3|K7_6_4,20.23,8,8,0.0,1.2,4,4,161.84,161.84,173.978,40,40,16,96,128,2,0,0,0,0,17.161,0.0,0.0,0.0,5.355,K7_7_0,clear,0,0,,,building,building
K7_6_04_2,K7_6,Espina_E,main,7,2,K7_6_4|K7_6_5,12.138,8,8,0.0,0.0,4,4,97.104,97.104,97.104,24,24,16,64,68,2,0,0,0,0,2.417,0.0,0.0,0.0,1.309,K7_7_0,back_gap_lt_clearance,0,1,,,building,building
K7_6_05_2,K7_6,Espina_E,main,7,2,K7_6_5|K7_6_6,12.138,8,8,0.0,0.0,4,4,97.104,97.104,97.112,24,24,4,52,56,2,0,0,0,0,7.512,0.0,0.0,0.0,0.0,K7_7_0,back_touching,0,1,,,building,row_end:tip_keep
K7_6_01_3,K7_6,Espina_E,main,7,3,K7_6_1|K7_6_2|K7_6_3,24.276,8,8,1.0,1.2,4,4,194.208,194.208,196.644,48,48,32,128,164,3,0,0,0,0,30.517,0.0,0.0,0.0,0.772,K7_3_1,back_gap_lt_clearance,0,0,,,wall,building
K7_6_02_3,K7_6,Espina_E,main,7,3,K7_6_2|K7_6_3|K7_6_4,26.299,8,8,0.0,1.2,4,4,210.392,210.392,227.394,52,52,4,108,172,3,0,0,0,0,23.901,0.0,0.0,0.0,2.709,K7_3_1,clear,0,0,,,building,building
K7_6_03_3,K7_6,Espina_E,main,7,3,K7_6_3|K7_6_4|K7_6_5,24.276,8,8,0.0,1.2,4,4,194.208,194.208,208.774,48,48,16,112,148,3,0,0,0,0,17.281,0.0,0.0,0.0,1.309,K7_7_0,back_gap_lt_clearance,0,1,,,building,building
K7_6_04_3,K7_6,Espina_E,main,7,3,K7_6_4|K7_6_5|K7_6_6,20.23,8,8,0.0,0.0,4,4,161.84,161.84,161.848,40,40,16,96,104,3,0,0,0,0,9.702,0.0,0.0,0.0,0.0,K7_7_0,back_touching,0,1,,,building,row_end:tip_keep
K7_6_01_4,K7_6,Espina_E,main,7,4,K7_6_1|K7_6_2|K7_6_3|K7_6_4,32.368,8,8,0.0,1.2,4,4,258.944,258.944,279.587,64,64,16,144,212,4,0,0,0,0,30.885,0.0,0.0,0.0,0.772,K7_3_1,back_gap_lt_clearance,0,0,,,wall,building
K7_6_02_4,K7_6,Espina_E,main,7,4,K7_6_2|K7_6_3|K7_6_4|K7_6_5,30.345,8,8,0.0,1.2,4,4,242.76,242.76,262.189,60,60,4,124,192,4,0,0,0,0,24.02,0.0,0.0,0.0,1.309,K7_7_0,back_gap_lt_clearance,0,1,,,building,building
K7_6_03_4,K7_6,Espina_E,main,7,4,K7_6_3|K7_6_4|K7_6_5|K7_6_6,32.368,8,8,0.0,1.2,4,4,258.944,258.944,278.373,64,64,16,144,184,4,0,0,0,0,24.566,0.0,0.0,0.0,0.0,K7_7_0,back_touching,0,1,,,building,row_end:tip_keep
K7_6_01_5,K7_6,Espina_E,main,7,5,K7_6_1|K7_6_2|K7_6_3|K7_6_4|K7_6_5,36.414,8,8,0.0,1.2,4,4,291.312,291.312,314.383,72,72,16,160,232,5,0,0,0,0,31.005,0.0,0.0,0.0,0.772,K7_3_1,back_gap_lt_clearance,0,1,,,wall,building
K7_6_02_5,K7_6,Espina_E,main,7,5,K7_6_2|K7_6_3|K7_6_4|K7_6_5|K7_6_6,38.437,8,8,0.0,1.2,4,4,307.496,307.496,331.789,76,76,4,156,228,5,0,0,0,0,31.306,0.0,0.0,0.0,0.0,K7_7_0,back_touching,0,1,,,building,row_end:tip_keep
K7_6_01_6,K7_6,Espina_E,main,7,6,K7_6_1|K7_6_2|K7_6_3|K7_6_4|K7_6_5|K7_6_6,44.506,8,8,0.0,1.2,4,4,356.048,356.048,383.983,88,88,16,192,268,6,0,0,0,0,38.29,0.0,0.0,0.0,0.0,K7_7_0,back_touching,0,1,,,wall,row_end:tip_keep
K8_1_00_2,K8_1,Subida_Puente,main,8,2,K8_1_0|K8_1_1,11.844,8,8,0.0,1.2,3,3,94.752,94.752,101.858,18,18,12,48,72,2,0,0,0,0,7.675,0.0,0.0,0.0,0.085,K8_15_0,back_gap_lt_clearance,0,0,,,row_end:tip_keep,building
K8_1_01_2,K8_1,Subida_Puente,main,8,2,K8_1_1|K8_1_2,11.844,8,8,0.0,1.2,3,3,94.752,94.752,101.858,18,18,24,60,84,2,0,0,0,0,7.304,0.0,0.0,0.0,0.0,K8_2_0,back_touching,0,0,,,building,row_end:concave
K8_1_00_3,K8_1,Subida_Puente,main,8,3,K8_1_0|K8_1_1|K8_1_2,17.766,8,8,0.0,1.2,3,3,142.128,142.128,156.341,27,27,12,66,114,3,0,0,0,0,7.872,0.0,0.0,0.0,0.0,K8_2_0,back_touching,0,0,,,row_end:tip_keep,row_end:concave
K8_5_00_2,K8_5,Cantabra,secondary,8,2,K8_5_0|K8_5_1,11.936,4,6,-0.4,0.0,3,4,63.658,63.658,67.637,20,20,8,48,65,2,0,0,0,0,2.812,3.18,0.0,0.0,0.0,K8_2_0,back_touching,1,1,,,row_end:open,building
K8_5_01_2,K8_5,Cantabra,secondary,8,2,K8_5_1|K8_5_2,13.925,6,8,-0.4,-0.4,3,4,95.486,95.486,103.443,24,24,13,61,77,2,0,0,0,0,0.001,5.564,0.0,0.0,0.959,K8_1_2,back_gap_lt_clearance,0,0,,,building,building
K8_5_02_2,K8_5,Cantabra,secondary,8,2,K8_5_2|K8_5_3,15.914,8,8,-0.4,-0.4,3,4,127.312,127.304,127.304,27,27,16,70,74,2,0,0,0,0,0.008,6.359,0.0,0.0,5.018,K8_1_1,clear,0,0,,,building,building
K8_5_03_2,K8_5,Cantabra,secondary,8,2,K8_5_3|K8_5_4,17.903,8,8,-0.4,-0.4,3,4,143.224,143.224,143.232,31,31,16,78,86,2,0,0,0,0,0.008,7.154,0.0,0.0,0.0,K8_6_0,back_touching,0,0,,,building,building
K8_5_04_2,K8_5,Cantabra,secondary,8,2,K8_5_4|K8_5_5,13.925,8,8,-0.4,0.0,3,4,111.4,111.4,114.185,25,25,8,58,86,2,0,0,0,0,0.375,3.18,0.0,0.0,0.0,K8_6_0,back_touching,0,0,,,building,row_end:tip_keep
K8_5_00_3,K8_5,Cantabra,secondary,8,3,K8_5_0|K8_5_1|K8_5_2,17.904,4,8,-0.4,0.0,3,4,111.402,111.402,123.338,32,32,12,76,109,3,0,0,0,0,2.812,5.564,0.0,0.0,0.0,K8_2_0,back_touching,1,1,,,row_end:open,building
K8_5_01_3,K8_5,Cantabra,secondary,8,3,K8_5_1|K8_5_2|K8_5_3,23.871,6,8,-0.4,-0.4,3,4,175.054,175.046,183.003,39,39,9,87,107,3,0,0,0,0,0.008,9.538,0.0,0.0,0.959,K8_1_2,back_gap_lt_clearance,0,0,,,building,building
K8_5_02_3,K8_5,Cantabra,secondary,8,3,K8_5_2|K8_5_3|K8_5_4,23.871,8,8,-0.4,-0.4,3,4,190.968,190.96,190.968,43,43,32,118,130,3,0,0,0,0,0.008,9.538,0.0,0.0,0.0,K8_6_0,back_touching,0,0,,,building,building
K8_5_03_3,K8_5,Cantabra,secondary,8,3,K8_5_3|K8_5_4|K8_5_5,23.871,8,8,-0.4,0.0,3,4,190.968,190.968,195.75,40,40,0,80,116,3,0,0,0,0,0.375,7.154,0.0,0.0,0.0,K8_6_0,back_touching,0,0,,,building,row_end:tip_keep
K8_5_00_4,K8_5,Cantabra,secondary,8,4,K8_5_0|K8_5_1|K8_5_2|K8_5_3,27.85,4,8,-0.4,0.0,3,4,190.97,190.962,202.898,47,47,8,102,139,4,0,0,0,0,2.819,9.538,0.0,0.0,0.0,K8_2_0,back_touching,1,1,,,row_end:open,building
K8_5_01_4,K8_5,Cantabra,secondary,8,4,K8_5_1|K8_5_2|K8_5_3|K8_5_4,31.828,6,8,-0.4,-0.4,3,4,238.71,238.702,246.667,55,55,25,135,163,4,0,0,0,0,0.009,12.718,0.0,0.0,0.0,K8_6_0,back_touching,0,0,,,building,building
K8_5_02_4,K8_5,Cantabra,secondary,8,4,K8_5_2|K8_5_3|K8_5_4|K8_5_5,29.839,8,8,-0.4,0.0,3,4,238.712,238.704,244.68,52,52,16,120,160,4,0,0,0,0,0.375,9.538,0.0,0.0,0.0,K8_6_0,back_touching,0,0,,,building,row_end:tip_keep
K8_5_00_5,K8_5,Cantabra,secondary,8,5,K8_5_0|K8_5_1|K8_5_2|K8_5_3|K8_5_4,35.807,4,8,-0.4,0.0,3,4,254.626,254.618,266.562,63,63,24,150,195,5,0,0,0,0,2.82,12.718,0.0,0.0,0.0,K8_2_0,back_touching,1,1,,,row_end:open,building
K8_5_01_5,K8_5,Cantabra,secondary,8,5,K8_5_1|K8_5_2|K8_5_3|K8_5_4|K8_5_5,37.796,6,8,-0.4,0.0,3,4,286.454,286.446,300.379,64,64,9,137,193,5,0,0,0,0,0.376,12.718,0.0,0.0,0.0,K8_6_0,back_touching,0,0,,,building,row_end:tip_keep
K8_5_00_6,K8_5,Cantabra,secondary,8,6,K8_5_0|K8_5_1|K8_5_2|K8_5_3|K8_5_4|K8_5_5,41.775,4,8,-0.4,0.0,3,4,302.37,302.362,320.274,72,72,8,152,225,6,0,0,0,0,3.187,12.718,0.0,0.0,0.0,K8_2_0,back_touching,1,1,,,row_end:open,row_end:tip_keep
K8_9_00_2,K8_9,Callejon_Oeste,lane,8,2,K8_9_0|K8_9_1,14.986,6,8,0.0,0.0,2,3,104.902,104.902,112.395,20,20,8,48,62,2,0,0,0,0,0.935,0.0,0.0,0.0,0.0,K8_10_0,back_touching,0,0,,,row_end:concave,row_end:tip_keep
K8_10_00_2,K8_10,Callejon_Oeste_Salida,lane,8,2,K8_10_0|K8_10_1,14.232,6,8,0.0,0.0,2,3,101.658,101.658,107.757,18,18,6,42,54,2,0,0,1,0,5.734,0.06,0.0,0.0,0.0,K8_9_1,back_touching,0,0,,,row_end:tip_cede,row_end:open
K8_12_00_2,K8_12,,river,8,2,K8_12_0|K8_12_1,12.987,6,8,0.0,0.0,2,4,92.764,92.764,98.33,22,22,6,50,66,0,2,0,1,0,4.542,0.0,0.0,0.29,7.606,K8_10_0,clear,0,0,,,row_end:open,building
K8_12_01_2,K8_12,,river,8,2,K8_12_1|K8_12_2,14.842,8,8,0.0,0.0,4,4,118.736,118.736,118.736,32,32,20,84,84,0,2,0,0,0,0.0,0.0,0.0,0.659,6.077,K8_9_0,clear,0,0,,,building,building
K8_12_02_2,K8_12,,river,8,2,K8_12_2|K8_12_3,16.697,8,8,0.0,0.0,4,4,133.576,133.576,133.576,36,36,16,88,92,0,2,0,0,0,0.407,0.0,0.0,1.181,0.001,K8_13_0,back_touching,0,0,,,building,row_end:concave
K8_12_00_3,K8_12,,river,8,3,K8_12_0|K8_12_1|K8_12_2,20.408,6,8,0.0,0.0,2,4,152.132,152.132,157.698,38,38,10,86,102,0,3,0,1,0,4.542,0.0,0.0,0.713,6.077,K8_9_0,clear,0,0,,,row_end:open,building
K8_12_01_3,K8_12,,river,8,3,K8_12_1|K8_12_2|K8_12_3,24.118,8,8,0.0,0.0,4,4,192.944,192.944,192.944,52,52,32,136,140,0,3,0,0,0,0.407,0.0,0.0,1.417,0.001,K8_13_0,back_touching,0,0,,,building,row_end:concave
K8_12_00_4,K8_12,,river,8,4,K8_12_0|K8_12_1|K8_12_2|K8_12_3,29.684,6,8,0.0,0.0,2,4,226.34,226.34,231.906,58,58,22,138,158,0,4,0,1,0,4.949,0.0,0.0,1.471,0.001,K8_13_0,back_touching,0,0,,,row_end:open,row_end:concave
K8_13_00_2,K8_13,,river,8,2,K8_13_0|K8_13_1,14.016,8,8,0.0,0.0,2,4,112.128,112.128,112.128,22,22,16,60,68,0,2,0,0,0,0.407,0.0,0.0,0.323,0.001,K8_12_3,back_touching,0,0,,,row_end:concave,building
K8_13_01_2,K8_13,,river,8,2,K8_13_1|K8_13_2,16.018,8,8,0.0,0.0,3,4,128.144,128.136,128.136,28,28,8,64,72,0,2,0,0,0,0.0,0.0,0.0,0.345,6.007,K8_12_3,clear,0,0,,,building,building
K8_13_02_2,K8_13,,river,8,2,K8_13_2|K8_13_3,14.016,8,8,0.0,0.0,3,4,112.128,112.128,112.128,24,24,16,64,68,0,2,0,0,0,2.393,0.0,0.0,0.271,2.838,K8_1_0,clear,0,0,,,building,row_end:open
K8_13_00_3,K8_13,,river,8,3,K8_13_0|K8_13_1|K8_13_2,22.025,8,8,0.0,0.0,2,4,176.2,176.192,176.192,34,34,8,76,92,0,3,0,0,0,0.407,0.0,0.0,0.487,0.001,K8_12_3,back_touching,0,0,,,row_end:concave,building
K8_13_01_3,K8_13,,river,8,3,K8_13_1|K8_13_2|K8_13_3,22.025,8,8,0.0,0.0,3,4,176.2,176.192,176.192,40,40,24,104,116,0,3,0,0,0,2.393,0.0,0.0,0.453,2.838,K8_1_0,clear,0,0,,,building,row_end:open
K8_13_00_4,K8_13,,river,8,4,K8_13_0|K8_13_1|K8_13_2|K8_13_3,28.032,8,8,0.0,0.0,2,4,224.256,224.248,224.248,46,46,24,116,136,0,4,0,0,0,2.8,0.0,0.0,0.595,0.001,K8_12_3,back_touching,0,0,,,row_end:concave,row_end:open
K9_0_00_2,K9_0,Espina_Plaza,main,9,2,K9_0_0|K9_0_1,17.806,8,8,0.0,1.2,3,3,142.448,142.448,153.132,24,24,0,48,72,2,0,0,0,0,12.035,0.619,0.0,0.0,0.0,K9_13_4,back_touching,0,0,,,row_end:tip_keep,building
K9_0_01_2,K9_0,Espina_Plaza,main,9,2,K9_0_1|K9_0_2,15.58,8,8,1.2,1.2,3,3,124.64,124.64,124.64,21,21,24,66,70,2,0,0,0,0,18.233,0.0,0.0,0.0,0.0,K9_1_0,back_touching,0,0,,,building,building
K9_0_02_2,K9_0,Espina_Plaza,main,9,2,K9_0_2|K9_0_3,11.128,8,8,0.0,1.2,3,3,89.024,89.024,95.701,15,15,4,34,58,2,0,0,0,0,14.591,0.229,0.0,0.0,0.0,K9_1_0,back_touching,0,1,,,building,row_end:tip_keep
K9_0_00_3,K9_0,Espina_Plaza,main,9,3,K9_0_0|K9_0_1|K9_0_2,24.483,8,8,0.0,1.2,3,3,195.864,195.864,210.554,33,33,12,78,106,3,0,0,0,0,18.233,0.619,0.0,0.0,0.0,K9_1_0,back_touching,0,0,,,row_end:tip_keep,building
K9_0_01_3,K9_0,Espina_Plaza,main,9,3,K9_0_1|K9_0_2|K9_0_3,20.031,8,8,0.0,1.2,3,3,160.248,160.248,172.267,27,27,12,66,94,3,0,0,0,0,23.521,0.229,0.0,0.0,0.0,K9_1_0,back_touching,0,1,,,building,row_end:tip_keep
K9_0_00_4,K9_0,Espina_Plaza,main,9,4,K9_0_0|K9_0_1|K9_0_2|K9_0_3,28.934,8,8,0.0,1.2,3,3,231.472,231.472,258.18,39,39,0,78,130,4,0,0,0,0,23.521,0.847,0.0,0.0,0.0,K9_1_0,back_touching,0,1,,,row_end:tip_keep,row_end:tip_keep
K9_2_00_2,K9_2,Obispo_Bajo,secondary,9,2,K9_2_0|K9_2_1,15.792,6,6,-0.4,0.0,3,3,94.752,94.752,97.91,24,24,9,57,75,2,0,0,0,0,3.622,3.714,0.0,0.0,1.588,K9_0_2,back_gap_lt_clearance,0,0,,,row_end:tip_keep,row_end:concave
K9_3_00_2,K9_3,Obispo_Bajo,secondary,9,2,K9_3_0|K9_3_1,11.766,4,6,0.0,0.0,2,4,58.83,58.83,64.713,18,18,14,50,62,2,0,0,0,0,3.474,0.0,0.0,0.0,0.0,K9_5_1,back_touching,1,0,,,row_end:concave,row_end:open
K9_5_01_2,K9_5,Calle_Alta_E,secondary,9,2,K9_5_1|K9_5_2,14.158,6,6,0.0,0.0,2,3,84.948,84.942,84.942,20,20,9,49,55,2,0,0,0,0,7.902,0.002,0.0,0.0,0.0,K9_3_1,back_touching,0,0,,,wall,building
K9_5_02_2,K9_5,Calle_Alta_E,secondary,9,2,K9_5_2|K9_5_3,14.158,6,6,0.0,0.0,2,4,84.948,84.948,84.948,24,24,9,57,63,2,0,0,0,0,0.0,0.002,0.0,0.0,1.731,K9_3_1,clear,0,0,,,building,building
K9_5_03_2,K9_5,Calle_Alta_E,secondary,9,2,K9_5_3|K9_5_4,14.158,6,6,0.0,0.0,2,4,84.948,84.942,84.942,24,24,6,54,63,2,0,0,0,0,0.0,0.003,0.0,0.0,5.087,K9_6_0,clear,0,0,,,building,building
K9_5_04_2,K9_5,Calle_Alta_E,secondary,9,2,K9_5_4|K9_5_5,14.158,6,6,0.0,0.0,2,3,84.948,84.948,84.948,20,20,0,40,43,2,0,0,0,0,0.0,0.003,0.0,0.0,0.0,K9_6_0,back_touching,0,0,,,building,row_end:tip_keep
K9_5_01_3,K9_5,Calle_Alta_E,secondary,9,3,K9_5_1|K9_5_2|K9_5_3,21.237,6,6,0.0,0.0,2,4,127.422,127.416,127.416,36,36,18,90,102,3,0,0,0,0,7.902,0.003,0.0,0.0,0.0,K9_3_1,back_touching,0,0,,,wall,building
K9_5_02_3,K9_5,Calle_Alta_E,secondary,9,3,K9_5_2|K9_5_3|K9_5_4,21.237,6,6,0.0,0.0,2,4,127.422,127.416,127.416,32,32,0,64,79,3,0,0,0,0,0.0,0.004,0.0,0.0,1.731,K9_3_1,clear,0,0,,,building,building
K9_5_03_3,K9_5,Calle_Alta_E,secondary,9,3,K9_5_3|K9_5_4|K9_5_5,21.237,6,6,0.0,0.0,2,4,127.422,127.416,127.416,36,36,6,78,90,3,0,0,0,0,0.0,0.004,0.0,0.0,0.0,K9_6_0,back_touching,0,0,,,building,row_end:tip_keep
K9_5_01_4,K9_5,Calle_Alta_E,secondary,9,4,K9_5_1|K9_5_2|K9_5_3|K9_5_4,28.316,6,6,0.0,0.0,2,4,169.896,169.884,169.884,44,44,9,97,118,4,0,0,0,0,7.902,0.004,0.0,0.0,0.0,K9_3_1,back_touching,0,0,,,wall,building
K9_5_02_4,K9_5,Calle_Alta_E,secondary,9,4,K9_5_2|K9_5_3|K9_5_4|K9_5_5,28.316,6,6,0.0,0.0,2,4,169.896,169.89,169.89,44,44,0,88,106,4,0,0,0,0,0.0,0.005,0.0,0.0,0.0,K9_6_0,back_touching,0,0,,,building,row_end:tip_keep
K9_5_01_5,K9_5,Calle_Alta_E,secondary,9,5,K9_5_1|K9_5_2|K9_5_3|K9_5_4|K9_5_5,35.395,6,6,0.0,0.0,2,4,212.37,212.358,212.358,56,56,9,121,145,5,0,0,0,0,7.902,0.006,0.0,0.0,0.0,K9_3_1,back_touching,0,0,,,wall,row_end:tip_keep
K9_6_00_2,K9_6,Calle_Alta_E,secondary,9,2,K9_6_0|K9_6_1,16.938,8,8,0.0,0.0,2,4,135.504,135.504,135.504,22,22,16,60,68,2,0,0,0,0,1.049,0.0,0.0,0.0,0.0,K9_5_5,back_touching,0,0,,,row_end:tip_cede,row_end:open
K9_13_00_2,K9_13,Callejon_Arco,lane,9,2,K9_13_0|K9_13_1,15.836,8,8,-0.4,-0.4,3,3,126.688,126.688,126.688,24,24,24,72,76,2,0,0,0,0,1.745,10.684,0.0,0.0,3.427,K9_9_0,clear,0,0,,,row_end:open,building
K9_13_01_2,K9_13,Callejon_Arco,lane,9,2,K9_13_1|K9_13_2,13.857,4,8,-0.4,-0.4,3,3,87.1,87.1,98.984,21,21,6,48,60,2,0,0,0,0,0.001,7.738,0.0,0.0,5.185,K9_0_0,clear,1,0,,,building,building
K9_13_02_2,K9_13,Callejon_Arco,lane,9,2,K9_13_2|K9_13_3,9.898,4,8,-0.4,0.0,3,3,55.428,55.428,69.286,15,15,4,34,52,2,0,0,0,0,0.001,3.258,0.0,0.0,1.177,K9_0_0,back_gap_lt_clearance,2,1,,,building,building
K9_13_03_2,K9_13,Callejon_Arco,lane,9,2,K9_13_3|K9_13_4,11.877,8,8,0.0,0.0,3,3,95.016,95.016,95.016,18,18,12,48,52,2,0,0,0,0,0.0,0.49,0.0,0.0,0.0,K9_0_0,back_touching,1,1,,,building,row_end:tip_cede
K9_13_00_3,K9_13,Callejon_Arco,lane,9,3,K9_13_0|K9_13_1|K9_13_2,21.775,4,8,-0.4,-0.4,3,3,150.444,150.444,162.328,33,33,18,84,100,3,0,0,0,0,1.745,13.671,0.0,0.0,3.427,K9_9_0,clear,1,0,,,row_end:open,building
K9_13_01_3,K9_13,Callejon_Arco,lane,9,3,K9_13_1|K9_13_2|K9_13_3,17.816,4,8,-0.4,0.0,3,3,118.772,118.772,146.099,27,27,4,58,88,3,0,0,0,0,0.001,8.01,0.0,0.0,1.177,K9_0_0,back_gap_lt_clearance,2,1,,,building,building
K9_13_02_3,K9_13,Callejon_Arco,lane,9,3,K9_13_2|K9_13_3|K9_13_4,17.816,4,8,-0.4,0.0,3,3,118.772,118.772,134.213,27,27,0,54,76,3,0,0,0,0,0.001,3.477,0.0,0.0,0.0,K9_0_0,back_touching,2,1,,,building,row_end:tip_cede
K9_13_00_4,K9_13,Callejon_Arco,lane,9,4,K9_13_0|K9_13_1|K9_13_2|K9_13_3,25.734,4,8,-0.4,0.0,3,3,182.116,182.116,211.027,39,39,16,94,128,4,0,0,0,0,1.745,13.942,0.0,0.0,1.177,K9_0_0,back_gap_lt_clearance,2,1,,,row_end:open,building
K9_13_01_4,K9_13,Callejon_Arco,lane,9,4,K9_13_1|K9_13_2|K9_13_3|K9_13_4,25.734,4,8,-0.4,0.0,3,3,182.116,182.116,211.027,39,39,0,78,112,4,0,0,0,0,0.001,8.229,0.0,0.0,0.0,K9_0_0,back_touching,2,1,,,building,row_end:tip_cede
K9_13_00_5,K9_13,Callejon_Arco,lane,9,5,K9_13_0|K9_13_1|K9_13_2|K9_13_3|K9_13_4,33.652,4,8,-0.4,0.0,3,3,245.46,245.46,275.955,51,51,12,114,152,5,0,0,0,0,1.745,14.161,0.0,0.0,0.0,K9_0_0,back_touching,2,1,,,row_end:open,row_end:tip_cede
K10_1_00_2,K10_1,Espina_Nodo,main,10,2,K10_1_0|K10_1_1,20.95,8,8,0.0,0.0,3,4,167.6,167.6,167.6,36,36,0,72,76,2,0,0,0,0,7.445,0.038,0.0,0.0,0.0,K10_0_0,back_touching,0,0,,,row_end:tip_keep,row_end:tip_keep
K10_3_00_2,K10_3,Callejon_Arco,lane,10,2,K10_3_0|K10_3_1,17.808,8,8,-0.4,-0.4,3,3,142.464,142.464,142.464,27,27,0,54,58,2,0,0,0,0,2.401,6.06,0.0,0.0,0.0,K10_1_0,back_touching,0,0,,,row_end:tip_keep,building
K10_3_01_2,K10_3,Callejon_Arco,lane,10,2,K10_3_1|K10_3_2,15.83,8,8,-0.4,-0.4,3,3,126.64,126.64,126.64,24,24,16,64,68,2,0,0,0,0,1.144,3.812,0.0,0.0,8.186,K10_1_0,clear,0,0,,,building,building
K10_3_02_2,K10_3,Callejon_Arco,lane,10,2,K10_3_2|K10_3_3,13.851,8,8,-0.4,0.5,3,3,110.808,110.801,117.033,21,21,16,58,82,2,0,0,0,0,5.263,1.531,0.0,0.0,3.848,K10_4_1,clear,0,0,,,building,building
K10_3_03_2,K10_3,Callejon_Arco,lane,10,2,K10_3_3|K10_3_4,9.893,4,8,0.0,0.5,3,3,63.316,63.316,73.703,15,15,12,42,60,2,0,0,0,0,7.56,0.0,0.0,0.0,0.176,K10_4_0,back_gap_lt_clearance,1,1,,,building,row_end:hidden
K10_3_00_3,K10_3,Callejon_Arco,lane,10,3,K10_3_0|K10_3_1|K10_3_2,25.723,8,8,-0.4,-0.4,3,3,205.784,205.784,205.784,39,39,12,90,98,3,0,0,0,0,3.546,7.591,0.0,0.0,0.0,K10_1_0,back_touching,0,0,,,row_end:tip_keep,building
K10_3_01_3,K10_3,Callejon_Arco,lane,10,3,K10_3_1|K10_3_2|K10_3_3,21.766,8,8,-0.4,0.5,3,3,174.128,174.121,183.915,33,33,16,82,110,3,0,0,0,0,5.263,3.812,0.0,0.0,3.848,K10_4_1,clear,0,0,,,building,building
K10_3_02_3,K10_3,Callejon_Arco,lane,10,3,K10_3_2|K10_3_3|K10_3_4,17.808,4,8,-0.4,0.5,3,3,126.636,126.629,144.039,27,27,4,58,100,3,0,0,0,0,7.56,1.531,0.0,0.0,0.176,K10_4_0,back_gap_lt_clearance,1,1,,,building,row_end:hidden
K10_3_00_4,K10_3,Callejon_Arco,lane,10,4,K10_3_0|K10_3_1|K10_3_2|K10_3_3,31.659,8,8,-0.4,0.5,3,3,253.272,253.265,267.511,48,48,12,108,140,4,0,0,0,0,7.664,7.591,0.0,0.0,0.0,K10_1_0,back_touching,0,0,,,row_end:tip_keep,building
K10_3_01_4,K10_3,Callejon_Arco,lane,10,4,K10_3_1|K10_3_2|K10_3_3|K10_3_4,25.723,4,8,-0.4,0.5,3,3,189.956,189.949,210.921,39,39,4,82,128,4,0,0,0,0,7.56,3.812,0.0,0.0,0.176,K10_4_0,back_gap_lt_clearance,1,1,,,building,row_end:hidden
K10_3_00_5,K10_3,Callejon_Arco,lane,10,5,K10_3_0|K10_3_1|K10_3_2|K10_3_3|K10_3_4,35.616,4,8,-0.4,0.5,3,3,269.1,269.093,294.517,54,54,0,108,158,5,0,0,0,0,9.961,7.591,0.0,0.0,0.0,K10_1_0,back_touching,1,1,,,row_end:tip_keep,row_end:hidden
K10_4_00_2,K10_4,Calle_Alta_C,secondary,10,2,K10_4_0|K10_4_1,15.79,6,8,-0.4,0.0,3,3,110.53,110.53,118.425,24,24,21,69,90,2,0,0,1,0,4.971,1.574,0.0,0.0,0.176,K10_3_4,back_gap_lt_clearance,0,0,,,row_end:open,building
K10_4_01_2,K10_4,Calle_Alta_C,secondary,10,2,K10_4_1|K10_4_2,13.816,6,8,-0.4,0.0,3,4,98.686,98.686,104.607,24,24,21,69,93,2,0,0,0,0,1.066,1.574,0.0,0.0,3.848,K10_3_3,clear,0,0,,,building,building
K10_4_02_2,K10_4,Calle_Alta_C,secondary,10,2,K10_4_2|K10_4_3,11.842,6,8,0.0,0.0,2,4,82.894,82.894,88.822,18,18,12,48,65,2,0,0,0,0,0.903,0.0,0.0,0.0,0.0,K10_5_0,back_touching,0,0,,,building,row_end:tip_keep
K10_4_00_3,K10_4,Calle_Alta_C,secondary,10,3,K10_4_0|K10_4_1|K10_4_2,21.711,6,8,-0.4,0.0,3,4,146.056,146.056,159.872,36,36,18,90,135,3,0,0,1,0,5.534,1.574,0.0,0.0,0.176,K10_3_4,back_gap_lt_clearance,0,0,,,row_end:open,building
K10_4_01_3,K10_4,Calle_Alta_C,secondary,10,3,K10_4_1|K10_4_2|K10_4_3,19.737,6,8,-0.4,0.0,2,4,146.054,146.054,160.667,30,30,12,72,113,3,0,0,0,0,1.193,1.574,0.0,0.0,0.0,K10_5_0,back_touching,0,0,,,building,row_end:tip_keep
K10_4_00_4,K10_4,Calle_Alta_C,secondary,10,4,K10_4_0|K10_4_1|K10_4_2|K10_4_3,27.632,6,8,-0.4,0.0,2,4,193.424,193.424,215.932,42,42,9,93,155,4,0,0,1,0,5.66,1.574,0.0,0.0,0.0,K10_5_0,back_touching,0,0,,,row_end:open,row_end:tip_keep
K10_5_00_2,K10_5,Calle_Alta_O,secondary,10,2,K10_5_0|K10_5_1,10.403,8,8,0.0,0.0,2,4,83.224,83.224,83.224,16,16,4,36,48,2,0,0,0,0,0.105,0.076,0.0,0.0,0.0,K10_4_3,back_touching,0,1,,,row_end:tip_cede,building
K10_5_01_2,K10_5,Calle_Alta_O,secondary,10,2,K10_5_1|K10_5_2,16.645,8,8,0.0,0.0,3,4,133.16,133.16,133.16,27,27,12,66,70,2,0,0,0,0,0.283,0.0,0.0,0.0,1.631,K10_6_0,clear,0,0,,,building,building
K10_5_02_2,K10_5,Calle_Alta_O,secondary,10,2,K10_5_2|K10_5_3,14.564,8,8,0.0,0.0,3,4,116.512,116.504,116.504,23,23,0,46,54,2,0,0,0,0,0.299,0.011,0.0,0.0,0.0,K10_6_0,back_touching,0,1,,,building,row_end:tip_keep
K10_5_00_3,K10_5,Calle_Alta_O,secondary,10,3,K10_5_0|K10_5_1|K10_5_2,20.806,8,8,0.0,0.0,2,4,166.448,166.448,166.448,31,31,0,62,78,3,0,0,0,0,0.305,0.076,0.0,0.0,0.0,K10_4_3,back_touching,0,1,,,row_end:tip_cede,building
K10_5_01_3,K10_5,Calle_Alta_O,secondary,10,3,K10_5_1|K10_5_2|K10_5_3,20.806,8,8,0.0,0.0,3,4,166.448,166.44,166.44,35,35,12,82,94,3,0,0,0,0,0.346,0.011,0.0,0.0,0.0,K10_6_0,back_touching,0,1,,,building,row_end:tip_keep
K10_5_00_4,K10_5,Calle_Alta_O,secondary,10,4,K10_5_0|K10_5_1|K10_5_2|K10_5_3,24.967,8,8,0.0,0.0,2,4,199.736,199.728,199.728,39,39,0,78,102,4,0,0,0,0,0.367,0.086,0.0,0.0,0.0,K10_4_3,back_touching,0,2,,,row_end:tip_cede,row_end:tip_keep
K10_6_00_2,K10_6,Cimavilla_Baja,lane,10,2,K10_6_0|K10_6_1,11.802,4,8,0.0,0.0,3,3,70.812,70.812,82.614,18,18,0,36,48,2,0,0,0,0,0.036,0.005,0.0,0.0,0.0,K10_5_3,back_touching,1,0,,,row_end:tip_cede,row_end:tip_keep
K10_10_00_2,K10_10,Cantabra,secondary,10,2,K10_10_0|K10_10_1,23.476,8,8,0.0,1.2,4,4,187.808,187.808,201.894,48,48,4,100,132,2,0,0,0,0,14.344,0.003,0.0,0.0,0.0,K10_6_0,back_touching,0,0,,,row_end:tip_keep,building
K10_10_01_2,K10_10,Cantabra,secondary,10,2,K10_10_1|K10_10_2,17.607,8,8,1.2,1.2,4,4,140.856,140.856,140.856,36,36,24,96,100,2,0,0,0,0,22.706,0.0,0.0,0.0,5.367,K10_5_2,clear,0,0,,,building,building
K10_10_02_2,K10_10,Cantabra,secondary,10,2,K10_10_2|K10_10_3,11.738,8,8,1.2,1.2,3,4,93.904,93.904,93.904,22,22,12,56,64,2,0,0,0,0,15.664,0.0,0.0,0.0,7.916,K10_11_0,clear,1,1,,,building,building
K10_10_03_2,K10_10,Cantabra,secondary,10,2,K10_10_3|K10_10_4,11.738,8,8,0.0,1.2,3,3,93.904,93.904,100.947,18,18,12,48,72,2,0,0,0,0,6.994,0.002,0.0,0.0,0.0,K10_11_0,back_touching,1,1,,,building,row_end:concave
K10_10_00_3,K10_10,Cantabra,secondary,10,3,K10_10_0|K10_10_1|K10_10_2,31.301,8,8,0.0,1.2,4,4,250.408,250.408,269.189,64,64,8,136,172,3,0,0,0,0,23.732,0.003,0.0,0.0,0.0,K10_6_0,back_touching,0,0,,,row_end:tip_keep,building
K10_10_01_3,K10_10,Cantabra,secondary,10,3,K10_10_1|K10_10_2|K10_10_3,21.52,8,8,1.2,1.2,3,4,172.16,172.16,172.16,42,42,28,112,124,3,0,0,0,0,25.819,0.0,0.0,0.0,5.367,K10_5_2,clear,1,1,,,building,building
K10_10_02_3,K10_10,Cantabra,secondary,10,3,K10_10_2|K10_10_3|K10_10_4,19.563,8,8,0.0,1.2,3,4,156.504,156.504,168.242,34,34,12,80,112,3,0,0,0,0,16.382,0.002,0.0,0.0,0.0,K10_11_0,back_touching,1,1,,,building,row_end:concave
K10_10_00_4,K10_10,Cantabra,secondary,10,4,K10_10_0|K10_10_1|K10_10_2|K10_10_3,35.214,8,8,0.0,1.2,3,4,281.712,281.712,302.84,70,70,12,152,196,4,0,0,0,0,26.846,0.003,0.0,0.0,0.0,K10_6_0,back_touching,1,1,,,row_end:tip_keep,building
K10_10_01_4,K10_10,Cantabra,secondary,10,4,K10_10_1|K10_10_2|K10_10_3|K10_10_4,29.345,8,8,0.0,1.2,3,4,234.76,234.76,252.367,54,54,28,136,172,4,0,0,0,0,26.537,0.002,0.0,0.0,0.0,K10_11_0,back_touching,1,1,,,building,row_end:concave
K10_10_00_5,K10_10,Cantabra,secondary,10,5,K10_10_0|K10_10_1|K10_10_2|K10_10_3|K10_10_4,43.039,8,8,0.0,1.2,3,4,344.312,344.312,383.047,82,82,12,176,244,5,0,0,0,0,27.564,0.005,0.0,0.0,0.0,K10_6_0,back_touching,1,1,,,row_end:tip_keep,row_end:concave
K11_0_00_2,K11_0,Llano,lane,11,2,K11_0_0|K11_0_1,16.91,8,8,0.0,0.0,3,3,135.28,135.28,135.28,27,27,0,54,58,2,0,0,0,0,0.0,0.001,0.0,0.0,0.0,K11_1_0,back_touching,0,0,,,row_end:tip_cede,row_end:tip_keep
K11_6_00_2,K11_6,Cimavilla_Baja,lane,11,2,K11_6_0|K11_6_1,8.34,6,6,-0.4,0.0,3,3,50.04,50.04,51.708,12,12,18,42,60,2,0,0,0,0,2.811,1.666,0.0,0.0,0.0,K11_7_0,back_touching,0,2,,,row_end:concave,wall
K11_9_00_2,K11_9,Fuente_Baja,lane,11,2,K11_9_0|K11_9_1,10.617,6,8,0.0,1.2,2,3,76.442,76.442,80.689,13,13,18,44,62,2,0,0,0,0,4.437,0.802,0.0,0.0,0.0,K11_11_1,back_touching,0,1,,,row_end:concave,building
K11_9_01_2,K11_9,Fuente_Baja,lane,11,2,K11_9_1|K11_9_2,8.494,4,6,-0.4,1.2,2,3,42.47,42.47,53.512,10,10,12,32,44,2,0,0,0,0,3.951,2.65,0.0,0.0,0.0,K11_11_1,back_touching,1,2,,,building,building
K11_9_02_2,K11_9,Fuente_Baja,lane,11,2,K11_9_2|K11_9_3,8.494,4,4,-0.4,0.0,2,3,33.976,33.976,35.675,10,10,6,26,36,2,0,0,0,0,3.596,3.408,0.0,0.0,0.0,K11_11_1,back_touching,2,2,,,building,row_end:tip_keep
K11_9_00_3,K11_9,Fuente_Baja,lane,11,3,K11_9_0|K11_9_1|K11_9_2,14.864,4,8,-0.4,1.2,2,3,93.43,93.43,109.993,19,19,18,56,86,3,0,0,0,0,4.437,3.452,0.0,0.0,0.0,K11_11_1,back_touching,1,2,,,row_end:concave,building
K11_9_01_3,K11_9,Fuente_Baja,lane,11,3,K11_9_1|K11_9_2|K11_9_3,12.741,4,6,-0.4,1.2,2,3,59.458,59.458,78.994,14,14,6,34,56,3,0,0,0,0,6.13,3.408,0.0,0.0,0.0,K11_11_1,back_touching,2,3,,,building,row_end:tip_keep
K11_9_00_4,K11_9,Fuente_Baja,lane,11,4,K11_9_0|K11_9_1|K11_9_2|K11_9_3,19.111,4,8,-0.4,1.2,2,3,110.418,110.418,135.475,23,23,12,58,98,4,0,0,0,0,6.616,4.21,0.0,0.0,0.0,K11_11_1,back_touching,2,3,,,row_end:concave,row_end:tip_keep
K11_11_00_2,K11_11,Llano,lane,11,2,K11_11_0|K11_11_1,16.71,4,8,0.0,0.5,2,2,91.904,91.904,116.97,16,16,8,40,52,2,0,0,0,0,5.777,4.375,0.0,0.0,0.0,K11_9_1,back_touching,0,0,,,row_end:tip_keep,building
K11_11_01_2,K11_11,Llano,lane,11,2,K11_11_1|K11_11_2,16.71,8,8,0.0,0.5,2,2,133.68,133.68,137.858,16,16,16,48,64,2,0,0,0,0,0.001,6.604,0.0,0.0,0.0,K11_9_1,back_touching,0,0,,,building,building
K11_11_02_2,K11_11,Llano,lane,11,2,K11_11_2|K11_11_3,22.977,4,8,0.0,0.0,2,2,133.684,133.684,158.756,22,22,8,52,64,2,0,0,0,0,0.001,8.399,0.0,0.0,0.0,K11_0_0,back_touching,0,0,,,building,row_end:tip_keep
K11_11_00_3,K11_11,Llano,lane,11,3,K11_11_0|K11_11_1|K11_11_2,27.154,4,8,0.0,0.5,2,2,175.456,175.456,204.699,26,26,8,60,88,3,0,0,0,0,5.778,10.272,0.0,0.0,0.0,K11_9_1,back_touching,0,0,,,row_end:tip_keep,building
K11_11_01_3,K11_11,Llano,lane,11,3,K11_11_1|K11_11_2|K11_11_3,29.243,4,8,0.0,0.5,2,2,183.812,183.812,213.062,28,28,8,64,92,3,0,0,0,0,0.001,9.105,0.0,0.0,0.0,K11_0_0,back_touching,0,0,,,building,row_end:tip_keep
K11_11_00_4,K11_11,Llano,lane,11,4,K11_11_0|K11_11_1|K11_11_2|K11_11_3,39.687,4,8,0.0,0.5,2,2,225.588,225.588,279.903,38,38,0,76,116,4,0,0,0,0,5.778,12.774,0.0,0.0,0.0,K11_0_0,back_touching,0,0,,,row_end:tip_keep,row_end:tip_keep
K12_0_00_2,K12_0,Calle_Alta_C,secondary,12,2,K12_0_0|K12_0_1,22.709,4,8,-0.4,0.0,2,3,132.124,132.124,161.44,27,27,4,58,74,2,0,0,0,0,18.247,4.976,0.0,0.0,0.0,K12_3_0,back_touching,0,0,,,row_end:tip_keep,wall
K13_2_00_2,K13_2,Calle_Alta_E,secondary,13,2,K13_2_0|K13_2_1,17.991,6,8,0.0,0.0,2,4,127.936,127.936,135.932,26,26,20,72,89,2,0,0,0,0,0.592,0.0,0.0,0.0,0.0,K13_3_0,back_touching,0,0,,,row_end:concave,row_end:concave
K13_3_00_2,K13_3,Calle_Alta_E,secondary,13,2,K13_3_0|K13_3_1,14.542,6,8,0.0,0.0,2,3,99.716,99.716,108.026,18,18,17,53,67,2,0,0,0,0,2.174,0.0,0.0,0.0,0.0,K13_2_1,back_touching,0,0,,,row_end:concave,building
K13_3_01_2,K13_3,Calle_Alta_E,secondary,13,2,K13_3_1|K13_3_2,14.542,6,8,0.0,1.2,3,3,99.716,99.716,116.751,21,21,6,48,69,2,0,0,0,0,9.064,0.0,0.0,0.0,6.231,K13_2_1,clear,0,0,,,building,building
K13_3_02_2,K13_3,Calle_Alta_E,secondary,13,2,K13_3_2|K13_3_3,12.464,8,8,1.2,1.2,3,3,99.712,99.712,99.712,18,18,12,48,48,2,0,0,0,0,16.549,0.0,0.0,0.0,14.591,K13_2_1,clear,0,0,,,building,building
K13_3_03_2,K13_3,Calle_Alta_E,secondary,13,2,K13_3_3|K13_3_4,12.464,8,8,1.2,1.2,3,3,99.712,99.712,99.72,18,18,0,36,36,2,0,0,0,0,18.132,0.0,0.0,0.0,15.823,K13_4_0,clear,0,0,,,building,building
K13_3_04_2,K13_3,Calle_Alta_E,secondary,13,2,K13_3_4|K13_3_5,12.464,8,8,1.2,1.2,3,3,99.712,99.712,99.712,18,18,12,48,48,2,0,0,0,0,16.549,0.0,0.0,0.0,9.591,K13_4_0,clear,0,0,,,building,building
K13_3_05_2,K13_3,Calle_Alta_E,secondary,13,2,K13_3_5|K13_3_6,12.464,6,8,0.0,1.2,3,3,87.248,87.248,100.958,18,18,0,36,57,2,0,0,0,0,9.063,0.0,0.0,0.0,3.359,K13_4_0,clear,0,0,,,building,building
K13_3_06_2,K13_3,Calle_Alta_E,secondary,13,2,K13_3_6|K13_3_7,10.387,6,8,0.0,0.0,3,4,70.632,70.632,76.871,17,17,9,43,59,2,0,0,0,0,1.803,0.019,0.0,0.0,0.0,K13_4_0,back_touching,0,1,,,building,row_end:tip_keep
K13_3_00_3,K13_3,Calle_Alta_E,secondary,13,3,K13_3_0|K13_3_1|K13_3_2,20.774,6,8,0.0,1.2,2,3,149.572,149.572,178.656,27,27,8,62,97,3,0,0,0,0,9.435,0.0,0.0,0.0,0.0,K13_2_1,back_touching,0,0,,,row_end:concave,building
K13_3_01_3,K13_3,Calle_Alta_E,secondary,13,3,K13_3_1|K13_3_2|K13_3_3,20.774,6,8,0.0,1.2,3,3,149.572,149.572,170.346,30,30,6,66,87,3,0,0,0,0,16.551,0.0,0.0,0.0,6.231,K13_2_1,clear,0,0,,,building,building
K13_3_02_3,K13_3,Calle_Alta_E,secondary,13,3,K13_3_2|K13_3_3|K13_3_4,18.696,8,8,1.2,1.2,3,3,149.568,149.568,149.576,27,27,12,66,66,3,0,0,0,0,24.03,0.0,0.0,0.0,14.591,K13_2_1,clear,0,0,,,building,building
K13_3_03_3,K13_3,Calle_Alta_E,secondary,13,3,K13_3_3|K13_3_4|K13_3_5,18.696,8,8,1.2,1.2,3,3,149.568,149.568,149.576,27,27,12,66,66,3,0,0,0,0,24.029,0.0,0.0,0.0,9.591,K13_4_0,clear,0,0,,,building,building
K13_3_04_3,K13_3,Calle_Alta_E,secondary,13,3,K13_3_4|K13_3_5|K13_3_6,18.696,6,8,0.0,1.2,3,3,137.104,137.104,154.554,27,27,0,54,75,3,0,0,0,0,16.551,0.0,0.0,0.0,3.359,K13_4_0,clear,0,0,,,building,building
K13_3_05_3,K13_3,Calle_Alta_E,secondary,13,3,K13_3_5|K13_3_6|K13_3_7,16.619,6,8,0.0,1.2,3,4,120.488,120.488,142.932,26,26,0,52,89,3,0,0,0,0,9.064,0.019,0.0,0.0,0.0,K13_4_0,back_touching,0,1,,,building,row_end:tip_keep
K13_3_00_4,K13_3,Calle_Alta_E,secondary,13,4,K13_3_0|K13_3_1|K13_3_2|K13_3_3,27.006,6,8,0.0,1.2,2,3,199.428,199.428,232.252,36,36,8,80,115,4,0,0,0,0,16.923,0.0,0.0,0.0,0.0,K13_2_1,back_touching,0,0,,,row_end:concave,building
K13_3_01_4,K13_3,Calle_Alta_E,secondary,13,4,K13_3_1|K13_3_2|K13_3_3|K13_3_4,27.006,6,8,0.0,1.2,3,3,199.428,199.428,223.95,39,39,6,84,105,4,0,0,0,0,24.032,0.0,0.0,0.0,6.231,K13_2_1,clear,0,0,,,building,building
K13_3_02_4,K13_3,Calle_Alta_E,secondary,13,4,K13_3_2|K13_3_3|K13_3_4|K13_3_5,24.928,8,8,1.2,1.2,3,3,199.424,199.424,199.432,36,36,24,96,96,4,0,0,0,0,29.928,0.0,0.0,0.0,9.591,K13_4_0,clear,0,0,,,building,building
K13_3_03_4,K13_3,Calle_Alta_E,secondary,13,4,K13_3_3|K13_3_4|K13_3_5|K13_3_6,24.928,6,8,0.0,1.2,3,3,186.96,186.96,208.157,36,36,0,72,93,4,0,0,0,0,24.032,0.0,0.0,0.0,3.359,K13_4_0,clear,0,0,,,building,building
K13_3_04_4,K13_3,Calle_Alta_E,secondary,13,4,K13_3_4|K13_3_5|K13_3_6|K13_3_7,22.851,6,8,0.0,1.2,3,4,170.344,170.344,196.527,35,35,0,70,107,4,0,0,0,0,16.551,0.019,0.0,0.0,0.0,K13_4_0,back_touching,0,1,,,building,row_end:tip_keep
K13_3_00_5,K13_3,Calle_Alta_E,secondary,13,5,K13_3_0|K13_3_1|K13_3_2|K13_3_3|K13_3_4,33.238,6,8,0.0,1.2,2,3,249.284,249.284,285.855,45,45,8,98,133,5,0,0,0,0,24.404,0.0,0.0,0.0,0.0,K13_2_1,back_touching,0,0,,,row_end:concave,building
K13_3_01_5,K13_3,Calle_Alta_E,secondary,13,5,K13_3_1|K13_3_2|K13_3_3|K13_3_4|K13_3_5,33.238,6,8,0.0,1.2,3,3,249.284,249.284,277.545,48,48,18,114,135,5,0,0,0,0,29.93,0.0,0.0,0.0,6.231,K13_2_1,clear,0,0,,,building,building
K13_3_02_5,K13_3,Calle_Alta_E,secondary,13,5,K13_3_2|K13_3_3|K13_3_4|K13_3_5|K13_3_6,31.16,6,8,0.0,1.2,3,3,236.816,236.816,261.753,45,45,12,102,123,5,0,0,0,0,29.93,0.0,0.0,0.0,3.359,K13_4_0,clear,0,0,,,building,building
K13_3_03_5,K13_3,Calle_Alta_E,secondary,13,5,K13_3_3|K13_3_4|K13_3_5|K13_3_6|K13_3_7,29.083,6,8,0.0,1.2,3,4,220.2,220.2,250.131,44,44,0,88,125,5,0,0,0,0,24.032,0.019,0.0,0.0,0.0,K13_4_0,back_touching,0,1,,,building,row_end:tip_keep
K13_3_00_6,K13_3,Calle_Alta_E,secondary,13,6,K13_3_0|K13_3_1|K13_3_2|K13_3_3|K13_3_4|K13_3_5,39.47,6,8,0.0,1.2,2,3,299.14,299.14,339.451,54,54,20,128,163,6,0,0,0,0,30.301,0.0,0.0,0.0,0.0,K13_2_1,back_touching,0,0,,,row_end:concave,building
K13_3_01_6,K13_3,Calle_Alta_E,secondary,13,6,K13_3_1|K13_3_2|K13_3_3|K13_3_4|K13_3_5|K13_3_6,39.47,6,8,0.0,1.2,3,3,286.676,286.676,339.866,57,57,6,120,162,6,0,0,0,0,29.932,0.0,0.0,0.0,3.359,K13_4_0,clear,0,0,,,building,building
K13_3_02_6,K13_3,Calle_Alta_E,secondary,13,6,K13_3_2|K13_3_3|K13_3_4|K13_3_5|K13_3_6|K13_3_7,35.315,6,8,0.0,1.2,3,4,270.056,270.056,303.726,53,53,12,118,155,6,0,0,0,0,29.93,0.019,0.0,0.0,0.0,K13_4_0,back_touching,0,1,,,building,row_end:tip_keep
K14_0_00_2,K14_0,Solana_Bajada,lane,14,2,K14_0_0|K14_0_1,13.557,6,8,-0.4,0.0,2,3,96.836,96.836,102.646,17,17,9,43,60,2,0,0,0,0,0.744,3.395,0.0,0.0,0.0,K14_13_2,back_touching,0,0,,,row_end:concave,building
K14_0_01_2,K14_0,Solana_Bajada,lane,14,2,K14_0_1|K14_0_2,15.494,8,8,-0.4,-0.4,2,3,123.952,123.952,123.952,20,20,20,60,64,2,0,0,0,0,0.0,6.2,0.0,0.0,0.0,K14_1_0,back_touching,0,0,,,building,building
K14_0_02_2,K14_0,Solana_Bajada,lane,14,2,K14_0_2|K14_0_3,13.557,6,8,-0.4,0.0,3,3,96.836,96.836,102.646,21,21,4,46,67,2,0,0,0,0,0.023,3.101,0.0,0.0,0.0,K14_1_0,back_touching,0,0,,,building,row_end:tip_keep
K14_0_00_3,K14_0,Solana_Bajada,lane,14,3,K14_0_0|K14_0_1|K14_0_2,21.304,6,8,-0.4,0.0,2,3,158.812,158.812,164.622,29,29,21,79,100,3,0,0,0,0,0.744,6.495,0.0,0.0,0.0,K14_1_0,back_touching,0,0,,,row_end:concave,building
K14_0_01_3,K14_0,Solana_Bajada,lane,14,3,K14_0_1|K14_0_2|K14_0_3,21.304,6,8,-0.4,0.0,2,3,158.812,158.812,164.622,29,29,8,66,91,3,0,0,0,0,0.023,6.201,0.0,0.0,0.0,K14_1_0,back_touching,0,0,,,building,row_end:tip_keep
K14_0_00_4,K14_0,Solana_Bajada,lane,14,4,K14_0_0|K14_0_1|K14_0_2|K14_0_3,27.114,6,8,-0.4,0.0,2,3,193.672,193.672,205.292,38,38,9,85,127,4,0,0,0,0,0.767,6.495,0.0,0.0,0.0,K14_1_0,back_touching,0,0,,,row_end:concave,row_end:tip_keep
K14_3_00_2,K14_3,San_Pedro,secondary,14,2,K14_3_0|K14_3_1,13.991,8,8,0.0,0.0,3,3,111.928,111.928,111.928,21,21,12,54,58,2,0,0,0,0,2.511,0.0,0.0,0.0,0.0,K14_0_3,back_touching,0,0,K14_3_0,,row_end:tip_keep,building
K14_3_01_2,K14_3,San_Pedro,secondary,14,2,K14_3_1|K14_3_2,15.89,8,8,-0.4,0.0,2,3,127.12,127.12,130.298,20,20,12,52,72,2,0,0,0,0,2.618,0.278,0.0,0.0,0.95,K14_2_0,back_gap_lt_clearance,0,0,,,building,building
K14_3_02_2,K14_3,San_Pedro,secondary,14,2,K14_3_2|K14_3_3,13.991,6,8,-0.4,0.0,2,4,99.936,99.93,105.925,20,20,20,60,80,2,0,0,0,0,4.881,0.278,0.0,0.0,8.845,K14_2_0,clear,0,0,,,building,building
K14_3_03_2,K14_3,San_Pedro,secondary,14,2,K14_3_3|K14_3_4,13.991,6,8,0.0,0.5,3,4,99.936,99.936,109.43,24,24,24,72,96,2,0,0,0,0,11.352,0.0,0.0,0.0,12.408,K14_4_0,clear,0,0,,,building,building
K14_3_04_2,K14_3,San_Pedro,secondary,14,2,K14_3_4|K14_3_5,15.99,8,8,0.5,0.5,3,3,127.92,127.92,127.92,24,24,24,72,88,2,0,0,0,0,14.042,0.0,0.0,0.0,4.413,K14_4_0,clear,0,0,,,building,building
K14_3_05_2,K14_3,San_Pedro,secondary,14,2,K14_3_5|K14_3_6,17.988,6,8,0.0,0.5,3,3,123.918,123.918,138.408,27,27,13,67,88,2,0,0,1,0,9.435,0.0,0.0,0.0,0.048,K14_4_0,back_touching,0,0,,,building,row_end:open
K14_3_00_3,K14_3,San_Pedro,secondary,14,3,K14_3_0|K14_3_1|K14_3_2,21.986,8,8,-0.4,0.0,2,3,175.888,175.888,180.285,29,29,8,66,90,3,0,0,0,0,3.307,0.278,0.0,0.0,0.0,K14_0_3,back_touching,0,0,K14_3_0,,row_end:tip_keep,building
K14_3_01_3,K14_3,San_Pedro,secondary,14,3,K14_3_1|K14_3_2|K14_3_3,21.886,6,8,-0.4,0.0,2,4,163.096,163.09,172.263,32,32,16,80,120,3,0,0,0,0,6.288,0.278,0.0,0.0,0.95,K14_2_0,back_gap_lt_clearance,0,0,,,building,building
K14_3_02_3,K14_3,San_Pedro,secondary,14,3,K14_3_2|K14_3_3|K14_3_4,21.986,6,8,-0.4,0.5,2,4,163.896,163.89,183.075,32,32,20,84,128,3,0,0,0,0,11.787,0.278,0.0,0.0,8.845,K14_2_0,clear,0,0,,,building,building
K14_3_03_3,K14_3,San_Pedro,secondary,14,3,K14_3_3|K14_3_4|K14_3_5,21.986,6,8,0.0,0.5,3,4,163.896,163.896,175.388,36,36,24,96,136,3,0,0,0,0,16.444,0.0,0.0,0.0,4.413,K14_4_0,clear,0,0,,,building,building
K14_3_04_3,K14_3,San_Pedro,secondary,14,3,K14_3_4|K14_3_5|K14_3_6,25.983,6,8,0.0,0.5,3,3,187.878,187.878,204.367,39,39,21,99,136,3,0,0,1,0,16.043,0.0,0.0,0.0,0.048,K14_4_0,back_touching,0,0,,,building,row_end:open
K14_3_00_4,K14_3,San_Pedro,secondary,14,4,K14_3_0|K14_3_1|K14_3_2|K14_3_3,27.982,6,8,-0.4,0.0,2,4,211.864,211.858,222.25,41,41,12,94,138,4,0,0,0,0,6.977,0.278,0.0,0.0,0.0,K14_0_3,back_touching,0,0,K14_3_0,,row_end:tip_keep,building
K14_3_01_4,K14_3,San_Pedro,secondary,14,4,K14_3_1|K14_3_2|K14_3_3|K14_3_4,29.881,6,8,-0.4,0.5,2,4,227.056,227.05,252.586,44,44,16,104,168,4,0,0,0,0,13.193,0.278,0.0,0.0,0.95,K14_2_0,back_gap_lt_clearance,0,0,,,building,building
K14_3_02_4,K14_3,San_Pedro,secondary,14,4,K14_3_2|K14_3_3|K14_3_4|K14_3_5,29.981,6,8,-0.4,0.5,2,4,227.856,227.85,250.633,44,44,20,108,168,4,0,0,0,0,16.879,0.278,0.0,0.0,4.413,K14_4_0,clear,0,0,,,building,building
K14_3_03_4,K14_3,San_Pedro,secondary,14,4,K14_3_3|K14_3_4|K14_3_5|K14_3_6,31.979,6,8,0.0,0.5,3,4,223.854,223.854,251.835,51,51,21,123,184,4,0,0,1,0,18.445,0.0,0.0,0.0,0.048,K14_4_0,back_touching,0,0,,,building,row_end:open
K14_3_00_5,K14_3,San_Pedro,secondary,14,5,K14_3_0|K14_3_1|K14_3_2|K14_3_3|K14_3_4,35.977,6,8,-0.4,0.5,2,4,275.824,275.818,304.097,53,53,12,118,186,5,0,0,0,0,13.883,0.278,0.0,0.0,0.0,K14_0_3,back_touching,0,0,K14_3_0,,row_end:tip_keep,building
K14_3_01_5,K14_3,San_Pedro,secondary,14,5,K14_3_1|K14_3_2|K14_3_3|K14_3_4|K14_3_5,37.876,6,8,-0.4,0.5,2,4,291.016,291.01,320.144,56,56,16,128,208,5,0,0,0,0,18.286,0.278,0.0,0.0,0.95,K14_2_0,back_gap_lt_clearance,0,0,,,building,building
K14_3_02_5,K14_3,San_Pedro,secondary,14,5,K14_3_2|K14_3_3|K14_3_4|K14_3_5|K14_3_6,39.974,6,8,-0.4,0.5,2,4,287.814,287.808,330.577,59,59,17,135,216,5,0,0,1,0,18.88,0.278,0.0,0.0,0.048,K14_4_0,back_touching,0,0,,,building,row_end:open
K14_3_00_6,K14_3,San_Pedro,secondary,14,6,K14_3_0|K14_3_1|K14_3_2|K14_3_3|K14_3_4|K14_3_5,43.972,6,8,-0.4,0.5,2,4,339.784,339.778,371.655,65,65,12,142,226,6,0,0,0,0,18.975,0.278,0.0,0.0,0.0,K14_0_3,back_touching,0,0,K14_3_0,,row_end:tip_keep,building
K14_3_01_6,K14_3,San_Pedro,secondary,14,6,K14_3_1|K14_3_2|K14_3_3|K14_3_4|K14_3_5|K14_3_6,47.869,6,8,-0.4,0.5,2,4,350.974,350.968,400.088,71,71,13,155,256,6,0,0,1,0,20.287,0.278,0.0,0.0,0.048,K14_4_0,back_touching,0,0,,,building,row_end:open
K14_4_00_2,K14_4,Ronda_Mirador,lane,14,2,K14_4_0|K14_4_1,15.138,6,6,0.0,0.0,3,3,90.828,90.828,90.828,24,24,0,48,51,2,0,0,0,0,0.64,0.0,0.0,0.0,0.0,K14_5_0,back_touching,0,0,,,row_end:hidden,row_end:tip_keep
K14_7_00_2,K14_7,,plaza,14,2,K14_7_0|K14_7_1,15.226,8,8,0.0,0.0,3,3,121.808,121.808,121.808,24,24,12,60,60,2,0,0,0,0,2.497,0.0,0.0,0.0,0.0,K14_8_0,back_touching,0,0,,,row_end:concave,row_end:tip_keep
K14_9_00_2,K14_9,Subida_Mirador,lane,14,2,K14_9_0|K14_9_1,10.74,6,8,0.0,0.0,2,3,77.328,77.328,81.624,12,12,8,32,46,2,0,0,0,0,0.0,0.002,0.0,0.0,0.0,K14_7_1,back_touching,0,1,,,row_end:tip_keep,building
K14_9_01_2,K14_9,Subida_Mirador,lane,14,2,K14_9_1|K14_9_2,10.74,6,8,-0.4,0.0,2,3,77.328,77.328,83.772,12,12,17,41,58,2,0,0,0,0,0.75,1.72,0.0,0.0,1.935,K14_8_0,clear,0,1,,,building,building
K14_9_02_2,K14_9,Subida_Mirador,lane,14,2,K14_9_2|K14_9_3,10.74,6,8,-0.4,0.5,3,3,77.328,77.328,86.457,15,15,21,51,72,2,0,0,0,0,3.221,1.719,0.0,0.0,4.325,K14_10_0,clear,0,1,,,building,building
K14_9_03_2,K14_9,Subida_Mirador,lane,14,2,K14_9_3|K14_9_4,10.74,6,8,0.0,0.5,3,3,77.328,77.328,84.309,15,15,21,51,72,2,0,0,0,0,3.531,0.143,0.0,0.0,0.0,K14_10_0,back_touching,0,1,,,building,row_end:concave
K14_9_00_3,K14_9,Subida_Mirador,lane,14,3,K14_9_0|K14_9_1|K14_9_2,15.036,6,8,-0.4,0.0,2,3,103.104,103.104,114.703,18,18,9,45,76,3,0,0,0,0,0.75,1.721,0.0,0.0,0.0,K14_7_1,back_touching,0,2,,,row_end:tip_keep,building
K14_9_01_3,K14_9,Subida_Mirador,lane,14,3,K14_9_1|K14_9_2|K14_9_3,17.184,6,8,-0.4,0.5,2,3,128.88,128.88,146.064,21,21,20,62,100,3,0,0,0,0,3.221,1.72,0.0,0.0,1.935,K14_8_0,clear,0,1,,,building,building
K14_9_02_3,K14_9,Subida_Mirador,lane,14,3,K14_9_2|K14_9_3|K14_9_4,15.036,6,8,-0.4,0.5,3,3,103.104,103.104,120.073,21,21,18,60,102,3,0,0,0,0,3.531,1.862,0.0,0.0,0.0,K14_10_0,back_touching,0,2,,,building,row_end:concave
K14_9_00_4,K14_9,Subida_Mirador,lane,14,4,K14_9_0|K14_9_1|K14_9_2|K14_9_3,21.48,6,8,-0.4,0.5,2,3,154.656,154.656,176.995,27,27,12,66,118,4,0,0,0,0,3.221,1.721,0.0,0.0,0.0,K14_7_1,back_touching,0,2,,,row_end:tip_keep,building
K14_9_01_4,K14_9,Subida_Mirador,lane,14,4,K14_9_1|K14_9_2|K14_9_3|K14_9_4,21.48,6,8,-0.4,0.5,2,3,154.656,154.656,179.68,27,27,17,71,130,4,0,0,0,0,3.531,1.863,0.0,0.0,0.0,K14_10_0,back_touching,0,2,,,building,row_end:concave
K14_9_00_5,K14_9,Subida_Mirador,lane,14,5,K14_9_0|K14_9_1|K14_9_2|K14_9_3|K14_9_4,25.776,6,8,-0.4,0.5,2,3,180.432,180.432,210.611,33,33,9,75,148,5,0,0,0,0,3.532,1.864,0.0,0.0,0.0,K14_7_1,back_touching,0,3,,,row_end:tip_keep,row_end:concave
K14_10_00_2,K14_10,Solana_Baja,lane,14,2,K14_10_0|K14_10_1,20.183,6,8,0.0,0.0,2,3,137.244,137.244,149.354,24,24,18,66,84,2,0,0,0,0,3.31,0.496,0.0,0.0,0.0,K14_9_4,back_touching,0,0,,,row_end:concave,row_end:open
K14_12_00_2,K14_12,Solana_Baja,lane,14,2,K14_12_0|K14_12_1,8.092,8,8,0.0,0.0,2,2,64.736,64.736,64.736,8,8,8,24,28,2,0,0,0,0,4.597,0.0,0.0,0.0,0.0,K14_13_0,back_touching,0,2,,,row_end:open,row_end:tip_cede
K14_13_00_2,K14_13,Solana_Terraza,lane,14,2,K14_13_0|K14_13_1,11.151,8,8,0.0,1.2,2,2,89.208,89.208,95.899,10,10,8,28,44,2,0,0,0,0,7.909,0.0,0.0,0.0,0.0,K14_12_0,back_touching,0,1,,,row_end:tip_keep,building
K14_13_01_2,K14_13,Solana_Terraza,lane,14,2,K14_13_1|K14_13_2,13.381,8,8,0.0,1.2,2,2,107.048,107.048,115.077,12,12,16,40,56,2,0,0,0,0,8.701,0.0,0.0,0.0,0.0,K14_0_0,back_touching,0,1,,,building,row_end:concave
K14_13_00_3,K14_13,Solana_Terraza,lane,14,3,K14_13_0|K14_13_1|K14_13_2,20.072,8,8,0.0,1.2,2,2,160.576,160.576,175.295,18,18,8,44,76,3,0,0,0,0,10.361,0.0,0.0,0.0,0.0,K14_0_0,back_touching,0,1,,,row_end:tip_keep,row_end:concave
K15_0_00_2,K15_0,Calle_Alta_O,secondary,15,2,K15_0_0|K15_0_1,16.71,6,8,0.0,0.0,2,4,121.148,121.148,127.414,22,22,0,44,58,2,0,0,0,0,6.833,0.053,0.0,0.0,0.0,K15_1_0,back_touching,0,0,,,row_end:tip_keep,row_end:tip_keep
K15_3_00_2,K15_3,Solana_Escalera,steps,15,2,K15_3_0|K15_3_1,9.27,6,8,0.0,0.0,2,3,63.036,63.036,68.598,12,12,6,30,48,2,0,0,0,0,3.048,1.427,0.0,0.0,0.0,K15_4_0,back_touching,1,1,,,row_end:open,row_end:tip_cede
K15_4_00_2,K15_4,Solana_Baja,lane,15,2,K15_4_0|K15_4_1,11.137,6,8,0.0,0.0,2,3,80.186,80.186,84.641,13,13,6,32,44,2,0,0,0,0,0.603,0.405,0.0,0.0,0.0,K15_3_1,back_touching,0,1,,,row_end:tip_keep,row_end:concave
K15_5_00_2,K15_5,Solana_Baja,lane,15,2,K15_5_0|K15_5_1,12.148,6,6,0.0,0.0,2,3,72.888,72.888,72.888,15,15,15,45,48,2,0,0,0,0,1.458,0.001,0.0,0.0,0.0,K15_4_1,back_touching,0,0,,,row_end:concave,row_end:concave
K15_6_00_2,K15_6,Solana_Baja,lane,15,2,K15_6_0|K15_6_1,12.77,8,8,0.0,1.2,2,2,102.16,102.16,109.822,14,14,16,44,60,2,0,0,0,0,9.609,0.001,0.0,0.0,0.001,K15_5_1,back_touching,0,0,,,row_end:concave,building
K15_6_01_2,K15_6,Solana_Baja,lane,15,2,K15_6_1|K15_6_2,14.594,8,8,0.0,1.2,2,2,116.752,116.745,125.5,16,16,8,40,56,2,0,0,0,0,8.754,0.002,0.0,0.0,0.0,K15_7_0,back_touching,0,0,,,building,row_end:tip_cede
K15_6_00_3,K15_6,Solana_Baja,lane,15,3,K15_6_0|K15_6_1|K15_6_2,20.067,8,8,0.0,1.2,2,2,160.536,160.529,176.946,22,22,8,52,84,3,0,0,0,0,9.609,0.002,0.0,0.0,0.0,K15_7_0,back_touching,0,0,,,row_end:concave,row_end:tip_cede
K15_7_00_2,K15_7,Subida_Mirador,lane,15,2,K15_7_0|K15_7_1,13.36,6,6,-0.4,0.0,2,3,80.16,80.16,82.832,15,15,0,30,45,2,0,0,0,0,0.006,2.674,0.0,0.0,0.0,K15_6_2,back_touching,0,0,,,row_end:tip_keep,building
K15_7_01_2,K15_7,Subida_Mirador,lane,15,2,K15_7_1|K15_7_2,13.36,6,6,-0.4,-0.4,3,3,80.16,80.16,80.166,18,18,18,54,57,2,0,0,0,0,0.006,5.346,0.0,0.0,5.152,K15_6_2,clear,0,0,,,building,building
K15_7_02_2,K15_7,Subida_Mirador,lane,15,2,K15_7_2|K15_7_3,13.36,6,6,-0.4,0.0,3,3,80.16,80.16,82.832,18,18,12,48,66,2,0,0,0,0,2.498,2.674,0.0,0.0,2.271,K15_10_1,clear,0,0,,,building,row_end:open
K15_7_00_3,K15_7,Subida_Mirador,lane,15,3,K15_7_0|K15_7_1|K15_7_2,20.04,6,6,-0.4,0.0,2,3,120.24,120.24,124.254,24,24,9,57,75,3,0,0,0,0,0.006,5.348,0.0,0.0,0.0,K15_6_2,back_touching,0,0,,,row_end:tip_keep,building
K15_7_01_3,K15_7,Subida_Mirador,lane,15,3,K15_7_1|K15_7_2|K15_7_3,20.04,6,6,-0.4,0.0,3,3,120.24,120.24,124.254,27,27,18,72,93,3,0,0,0,0,2.498,5.347,0.0,0.0,2.271,K15_10_1,clear,0,0,,,building,row_end:open
K15_7_00_4,K15_7,Subida_Mirador,lane,15,4,K15_7_0|K15_7_1|K15_7_2|K15_7_3,26.72,6,6,-0.4,0.0,2,3,160.32,160.32,168.342,33,33,9,75,111,4,0,0,0,0,2.498,5.349,0.0,0.0,0.0,K15_6_2,back_touching,0,0,,,row_end:tip_keep,row_end:open
K15_10_00_2,K15_10,Ronda_Huertas,lane,15,2,K15_10_0|K15_10_1,15.876,6,6,0.0,0.0,2,3,95.256,95.256,95.256,20,20,0,40,46,2,0,0,0,0,6.5,0.0,0.0,0.0,0.0,K15_9_0,back_touching,0,0,,,row_end:tip_keep,row_end:tip_cede
K15_11_00_2,K15_11,Ronda_Huertas,lane,15,2,K15_11_0|K15_11_1,18.016,6,6,0.0,0.0,3,3,108.096,108.096,108.096,27,27,0,54,57,2,0,0,0,0,0.063,0.0,0.0,0.0,0.0,K15_10_1,back_touching,0,0,,,row_end:tip_keep,row_end:tip_cede
K15_12_00_2,K15_12,Ronda_Huertas,lane,15,2,K15_12_0|K15_12_1,16.211,8,8,0.0,1.2,2,2,129.688,129.688,139.415,16,16,8,40,56,2,0,0,0,0,16.553,0.0,0.0,0.0,0.0,K15_11_1,back_touching,0,0,,,row_end:tip_keep,building
K15_12_01_2,K15_12,Ronda_Huertas,lane,15,2,K15_12_1|K15_12_2,18.238,8,8,0.5,1.2,2,3,145.904,145.904,152.287,22,22,20,64,84,2,0,0,0,0,28.139,0.0,0.0,0.0,2.928,K15_11_1,clear,0,0,,,building,building
K15_12_02_2,K15_12,Ronda_Huertas,lane,15,2,K15_12_2|K15_12_3,16.212,8,8,0.5,1.0,2,3,129.696,129.696,133.749,20,20,12,52,72,2,0,0,0,0,26.851,0.0,0.0,0.0,12.532,K15_6_1,clear,0,0,,,building,building
K15_12_03_2,K15_12,Ronda_Huertas,lane,15,2,K15_12_3|K15_12_4,16.212,8,8,1.0,1.0,2,3,129.696,129.688,129.688,20,20,12,52,56,2,0,0,0,0,27.11,0.0,0.0,0.0,12.532,K15_6_1,clear,0,0,,,building,building
K15_12_04_2,K15_12,Ronda_Huertas,lane,15,2,K15_12_4|K15_12_5,16.212,8,8,1.0,1.0,3,3,129.696,129.696,129.696,24,24,12,60,64,2,0,0,0,0,27.647,0.0,0.0,0.0,13.428,K15_6_1,clear,0,0,,,building,building
K15_12_05_2,K15_12,Ronda_Huertas,lane,15,2,K15_12_5|K15_12_6,18.238,8,8,1.0,1.0,2,3,145.904,145.904,145.904,22,22,8,52,60,2,0,0,0,0,27.391,0.0,0.0,0.0,7.076,K15_13_0,clear,0,0,,,building,building
K15_12_06_2,K15_12,Ronda_Huertas,lane,15,2,K15_12_6|K15_12_7,22.29,6,8,0.0,1.0,2,3,154.004,154.004,177.307,28,28,9,65,82,2,0,0,1,0,19.334,0.0,0.0,0.0,0.141,K15_13_0,back_gap_lt_clearance,0,0,,,building,row_end:open
K15_12_00_3,K15_12,Ronda_Huertas,lane,15,3,K15_12_0|K15_12_1|K15_12_2,24.317,8,8,0.0,1.2,2,3,194.536,194.536,212.672,28,28,12,68,104,3,0,0,0,0,28.665,0.0,0.0,0.0,0.0,K15_11_1,back_touching,0,0,,,row_end:tip_keep,building
K15_12_01_3,K15_12,Ronda_Huertas,lane,15,3,K15_12_1|K15_12_2|K15_12_3,26.344,8,8,0.5,1.2,2,3,210.752,210.752,221.999,30,30,8,68,108,3,0,0,0,0,39.934,0.0,0.0,0.0,2.928,K15_11_1,clear,0,0,,,building,building
K15_12_02_3,K15_12,Ronda_Huertas,lane,15,3,K15_12_2|K15_12_3|K15_12_4,24.318,8,8,0.5,1.0,2,3,194.544,194.536,200.615,32,32,16,80,104,3,0,0,0,0,39.008,0.0,0.0,0.0,12.532,K15_6_1,clear,0,0,,,building,building
K15_12_03_3,K15_12,Ronda_Huertas,lane,15,3,K15_12_3|K15_12_4|K15_12_5,24.318,8,8,1.0,1.0,2,3,194.544,194.536,194.536,32,32,16,80,88,3,0,0,0,0,39.069,0.0,0.0,0.0,12.532,K15_6_1,clear,0,0,,,building,building
K15_12_04_3,K15_12,Ronda_Huertas,lane,15,3,K15_12_4|K15_12_5|K15_12_6,26.344,8,8,1.0,1.0,2,3,210.752,210.752,210.752,34,34,12,80,92,3,0,0,0,0,39.55,0.0,0.0,0.0,7.076,K15_13_0,clear,0,0,,,building,building
K15_12_05_3,K15_12,Ronda_Huertas,lane,15,3,K15_12_5|K15_12_6|K15_12_7,30.396,6,8,0.0,1.0,2,3,218.852,218.852,246.208,40,40,9,89,114,3,0,0,1,0,31.344,0.0,0.0,0.0,0.141,K15_13_0,back_gap_lt_clearance,0,0,,,building,row_end:open
K15_12_00_4,K15_12,Ronda_Huertas,lane,15,4,K15_12_0|K15_12_1|K15_12_2|K15_12_3,32.423,8,8,0.0,1.2,2,3,259.384,259.384,282.384,36,36,0,72,128,4,0,0,0,0,40.46,0.0,0.0,0.0,0.0,K15_11_1,back_touching,0,0,,,row_end:tip_keep,building
K15_12_01_4,K15_12,Ronda_Huertas,lane,15,4,K15_12_1|K15_12_2|K15_12_3|K15_12_4,34.45,8,8,0.5,1.2,2,3,275.6,275.592,289.676,42,42,12,96,140,4,0,0,0,0,52.092,0.0,0.0,0.0,2.928,K15_11_1,clear,0,0,,,building,building
K15_12_02_4,K15_12,Ronda_Huertas,lane,15,4,K15_12_2|K15_12_3|K15_12_4|K15_12_5,32.424,8,8,0.5,1.0,2,3,259.392,259.384,267.49,44,44,20,108,136,4,0,0,0,0,50.968,0.0,0.0,0.0,12.532,K15_6_1,clear,0,0,,,building,building
K15_12_03_4,K15_12,Ronda_Huertas,lane,15,4,K15_12_3|K15_12_4|K15_12_5|K15_12_6,34.45,8,8,1.0,1.0,2,3,275.6,275.592,275.592,42,42,16,100,116,4,0,0,0,0,50.972,0.0,0.0,0.0,7.076,K15_13_0,clear,0,0,,,building,building
K15_12_04_4,K15_12,Ronda_Huertas,lane,15,4,K15_12_4|K15_12_5|K15_12_6|K15_12_7,38.502,6,8,0.0,1.0,2,3,283.7,283.7,315.109,52,52,13,117,146,4,0,0,1,0,43.503,0.0,0.0,0.0,0.141,K15_13_0,back_gap_lt_clearance,0,0,,,building,row_end:open
K15_12_00_5,K15_12,Ronda_Huertas,lane,15,5,K15_12_0|K15_12_1|K15_12_2|K15_12_3|K15_12_4,40.529,8,8,0.0,1.2,2,3,324.232,324.224,350.061,48,48,4,100,160,5,0,0,0,0,52.617,0.0,0.0,0.0,0.0,K15_11_1,back_touching,0,0,,,row_end:tip_keep,building
K15_12_01_5,K15_12,Ronda_Huertas,lane,15,5,K15_12_1|K15_12_2|K15_12_3|K15_12_4|K15_12_5,42.556,8,8,0.5,1.2,2,3,340.448,340.44,357.361,54,54,16,124,172,5,0,0,0,0,64.051,0.0,0.0,0.0,2.928,K15_11_1,clear,0,0,,,building,building
K15_12_02_5,K15_12,Ronda_Huertas,lane,15,5,K15_12_2|K15_12_3|K15_12_4|K15_12_5|K15_12_6,42.556,8,8,0.5,1.0,2,3,340.448,340.44,351.079,54,54,20,128,164,5,0,0,0,0,62.871,0.0,0.0,0.0,7.076,K15_13_0,clear,0,0,,,building,building
K15_12_03_5,K15_12,Ronda_Huertas,lane,15,5,K15_12_3|K15_12_4|K15_12_5|K15_12_6|K15_12_7,46.608,6,8,0.0,1.0,2,3,348.548,348.54,384.002,60,60,17,137,170,5,0,0,1,0,54.926,0.0,0.0,0.0,0.141,K15_13_0,back_gap_lt_clearance,0,0,,,building,row_end:open
K15_12_00_6,K15_12,Ronda_Huertas,lane,15,6,K15_12_0|K15_12_1|K15_12_2|K15_12_3|K15_12_4|K15_12_5,48.635,8,8,0.0,1.2,2,3,389.08,389.072,419.266,60,60,8,128,192,6,0,0,0,0,64.577,0.0,0.0,0.0,0.0,K15_11_1,back_touching,0,0,,,row_end:tip_keep,building
K15_12_01_6,K15_12,Ronda_Huertas,lane,15,6,K15_12_1|K15_12_2|K15_12_3|K15_12_4|K15_12_5|K15_12_6,52.688,8,8,0.5,1.2,2,3,421.504,421.496,441.963,64,64,16,144,200,6,0,0,0,0,75.954,0.0,0.0,0.0,2.928,K15_11_1,clear,0,0,,,building,building
K15_12_02_6,K15_12,Ronda_Huertas,lane,15,6,K15_12_2|K15_12_3|K15_12_4|K15_12_5|K15_12_6|K15_12_7,54.714,6,8,0.0,1.0,2,3,413.396,413.388,461.515,72,72,21,165,218,6,0,0,1,0,66.824,0.0,0.0,0.0,0.141,K15_13_0,back_gap_lt_clearance,0,0,,,building,row_end:open
K15_13_00_2,K15_13,Fuente_Baja,lane,15,2,K15_13_0|K15_13_1,11.295,6,6,0.0,0.0,2,3,67.77,67.77,67.77,16,16,6,38,44,2,0,0,0,0,3.084,0.002,0.0,0.0,0.141,K15_12_7,back_gap_lt_clearance,1,1,,,row_end:hidden,building
K15_13_01_2,K15_13,Fuente_Baja,lane,15,2,K15_13_1|K15_13_2,11.295,6,8,0.0,1.2,2,3,82.83,82.83,93.372,16,16,12,44,62,2,0,0,0,0,9.036,0.001,0.0,0.0,6.903,K15_14_0,clear,1,1,,,building,building
K15_13_02_2,K15_13,Fuente_Baja,lane,15,2,K15_13_2|K15_13_3,15.06,8,8,0.0,1.2,3,3,120.48,120.48,129.524,24,24,12,60,84,2,0,0,0,0,9.036,0.001,0.0,0.0,0.0,K15_14_0,back_touching,0,0,,,building,row_end:tip_keep
K15_13_00_3,K15_13,Fuente_Baja,lane,15,3,K15_13_0|K15_13_1|K15_13_2,18.825,6,8,0.0,1.2,2,3,128.01,128.01,150.6,28,28,12,68,92,3,0,0,0,0,10.321,0.002,0.0,0.0,0.141,K15_12_7,back_gap_lt_clearance,1,1,,,row_end:hidden,building
K15_13_01_3,K15_13,Fuente_Baja,lane,15,3,K15_13_1|K15_13_2|K15_13_3,18.825,6,8,0.0,1.2,2,3,143.07,143.07,162.657,28,28,0,56,98,3,0,0,0,0,9.036,0.002,0.0,0.0,0.0,K15_14_0,back_touching,1,1,,,building,row_end:tip_keep
K15_13_00_4,K15_13,Fuente_Baja,lane,15,4,K15_13_0|K15_13_1|K15_13_2|K15_13_3,26.355,6,8,0.0,1.2,2,3,188.25,188.25,219.885,40,40,0,80,128,4,0,0,0,0,10.321,0.003,0.0,0.0,0.0,K15_14_0,back_touching,1,1,,,row_end:hidden,row_end:tip_keep
K15_16_00_2,K15_16,Fuente,lane,15,2,K15_16_0|K15_16_1,11.743,6,8,0.0,0.0,3,3,78.286,78.286,86.115,18,18,0,36,48,2,0,0,0,0,0.061,0.0,0.0,0.0,0.0,K15_0_0,back_touching,1,1,,,row_end:tip_keep,row_end:tip_cede
K16_2_00_2,K16_2,Llano,lane,16,2,K16_2_0|K16_2_1,16.884,6,8,0.0,0.0,3,3,118.188,118.188,126.63,24,24,21,69,81,2,0,0,1,0,13.333,0.426,0.0,0.0,0.0,K16_1_0,back_touching,0,0,,,row_end:open,row_end:concave
K16_3_00_2,K16_3,Llano,lane,16,2,K16_3_0|K16_3_1,18.349,6,6,-0.4,0.0,2,2,110.094,110.094,113.764,18,18,6,42,54,2,0,0,0,0,3.77,0.017,0.0,0.0,0.0,K16_2_1,back_touching,0,0,,,row_end:concave,building
K16_3_01_2,K16_3,Llano,lane,16,2,K16_3_1|K16_3_2,18.349,6,6,-0.4,-0.4,2,2,110.094,110.094,110.094,18,18,12,48,51,2,0,0,0,0,5.518,0.017,0.0,0.0,10.194,K16_2_1,clear,0,0,,,building,building
K16_3_02_2,K16_3,Llano,lane,16,2,K16_3_2|K16_3_3,18.349,6,6,-0.4,-0.4,2,3,110.094,110.094,110.094,22,22,12,56,68,2,0,0,0,0,5.667,0.0,0.0,0.0,18.349,K16_2_1,clear,0,0,,,building,building
K16_3_03_2,K16_3,Llano,lane,16,2,K16_3_3|K16_3_4,14.271,4,6,-0.4,-0.4,2,3,73.394,73.394,79.515,18,18,10,46,55,2,0,0,0,0,2.599,0.139,0.0,0.0,28.543,K16_2_1,clear,0,0,,,building,building
K16_3_04_2,K16_3,Llano,lane,16,2,K16_3_4|K16_3_5,16.31,4,4,-0.4,0.0,2,3,65.24,65.24,68.502,21,21,6,48,58,2,0,0,0,0,4.066,0.548,0.0,0.0,36.699,K16_2_1,clear,0,0,,,building,row_end:open
K16_3_00_3,K16_3,Llano,lane,16,3,K16_3_0|K16_3_1|K16_3_2,28.543,6,6,-0.4,0.0,2,2,171.258,171.258,176.967,28,28,12,68,83,3,0,0,0,0,7.439,0.017,0.0,0.0,0.0,K16_2_1,back_touching,0,0,,,row_end:concave,building
K16_3_01_3,K16_3,Llano,lane,16,3,K16_3_1|K16_3_2|K16_3_3,26.504,6,6,-0.4,-0.4,2,3,159.024,159.024,159.024,30,30,15,75,90,3,0,0,0,0,6.75,0.017,0.0,0.0,10.194,K16_2_1,clear,0,0,,,building,building
K16_3_02_3,K16_3,Llano,lane,16,3,K16_3_2|K16_3_3|K16_3_4,24.465,4,6,-0.4,-0.4,2,3,134.558,134.558,140.679,28,28,7,63,84,3,0,0,0,0,6.133,0.139,0.0,0.0,18.349,K16_2_1,clear,0,0,,,building,building
K16_3_03_3,K16_3,Llano,lane,16,3,K16_3_3|K16_3_4|K16_3_5,24.465,4,6,-0.4,0.0,2,3,114.17,114.17,131.708,33,33,12,78,97,3,0,0,0,0,5.956,0.548,0.0,0.0,28.543,K16_2_1,clear,0,0,,,building,row_end:open
K16_3_00_4,K16_3,Llano,lane,16,4,K16_3_0|K16_3_1|K16_3_2|K16_3_3,36.698,6,6,-0.4,0.0,2,3,220.188,220.188,227.528,40,40,15,95,122,4,0,0,0,0,8.671,0.017,0.0,0.0,0.0,K16_2_1,back_touching,0,0,,,row_end:concave,building
K16_3_01_4,K16_3,Llano,lane,16,4,K16_3_1|K16_3_2|K16_3_3|K16_3_4,32.62,4,6,-0.4,-0.4,2,3,183.488,183.488,189.609,36,36,10,82,106,4,0,0,0,0,7.216,0.156,0.0,0.0,10.194,K16_2_1,clear,0,0,,,building,building
K16_3_02_4,K16_3,Llano,lane,16,4,K16_3_2|K16_3_3|K16_3_4|K16_3_5,34.659,4,6,-0.4,0.0,2,3,175.334,175.334,192.872,43,43,9,95,126,4,0,0,0,0,9.49,0.548,0.0,0.0,18.349,K16_2_1,clear,0,0,,,building,row_end:open
K16_3_00_5,K16_3,Llano,lane,16,5,K16_3_0|K16_3_1|K16_3_2|K16_3_3|K16_3_4,42.814,4,6,-0.4,0.0,2,3,244.652,244.652,258.113,46,46,10,102,138,5,0,0,0,0,9.138,0.156,0.0,0.0,0.0,K16_2_1,back_touching,0,0,,,row_end:concave,building
K16_3_01_5,K16_3,Llano,lane,16,5,K16_3_1|K16_3_2|K16_3_3|K16_3_4|K16_3_5,42.814,4,6,-0.4,0.0,2,3,224.264,224.264,241.802,51,51,12,114,148,5,0,0,0,0,10.573,0.565,0.0,0.0,10.194,K16_2_1,clear,0,0,,,building,row_end:open
K16_3_00_6,K16_3,Llano,lane,16,6,K16_3_0|K16_3_1|K16_3_2|K16_3_3|K16_3_4|K16_3_5,53.008,4,6,-0.4,0.0,2,3,285.428,285.428,310.306,61,61,12,134,180,6,0,0,0,0,12.494,0.565,0.0,0.0,0.0,K16_2_1,back_touching,0,0,,,row_end:concave,row_end:open
K16_11_00_2,K16_11,Ronda_Mirador,lane,16,2,K16_11_0|K16_11_1,17.196,6,6,0.0,0.0,2,3,103.176,103.176,103.176,20,20,15,55,58,2,0,0,0,0,2.713,0.0,0.0,0.0,0.0,K16_10_0,back_touching,0,0,,,row_end:concave,row_end:open
