id,kind,row,street,role,block,plot_index,x0_m,w_m,bays,scale,depth_m,floors,setback_m,y_m,basement_eff_m,type,real_osm,unit,landmark,casona,era,corner,interior,no_entrance,door_override,business,raise_m,footprint_m2,world_cx,world_cz,yaw_deg,front_mid_x,front_mid_z,party_left,party_right,cells_front,cells_back,cells_side_left,cells_side_right,cells_total,flag_small_footprint,flag_below_min_frontage,flag_narrow,neighbor_left,neighbor_right,neighbor_back,neighbor_front,contiguous_count
K0_1_0,building,K0_1,Independencia,lane,0,0,0.0,15.75,7,1.125,4,2,0.0,0.012,0.77,closed_residential,0,,,0,,,,0,,,0.0,63.0,84.618,217.129,171.87,84.901,215.149,0,2,14,14,4,0,32,0,0,0,,,K0_2_0:0.0,K3_5_0:3.614,2
K0_2_0,building,K0_2,Independencia,lane,0,0,0.0,6.791,3,1.132,8,3,0.0,-0.6,0.86,closed_residential,1,,,0,,,,0,,,0.0,54.328,74.781,218.739,-165.963,73.811,214.859,3,3,9,9,0,0,18,0,0,0,,,K0_1_0:0.0,K3_1_0:3.999,3
K0_3_0,building,K0_3,Independencia,lane,0,0,0.0,6.486,3,1.081,8,3,0.0,-1.041,0.41,closed_residential,1,,,0,,,,0,,,0.0,51.888,73.167,220.097,-109.983,69.408,218.73,3,0,9,9,0,12,30,0,0,0,,K0_3_1:0.0,K0_1_0:0.0,K3_1_0:3.999,3
K0_3_1,building,K0_3,Independencia,lane,0,1,6.486,6.486,3,1.081,8,3,1.0,-1.366,0.41,closed_residential,1,,,0,,,,0,,,0.0,51.888,71.89,226.534,-109.983,68.131,225.167,0,0,9,9,12,12,42,0,0,0,,K0_3_0:0.0,K0_2_0:0.0,K3_0_2:5.004,2
K0_3_2,wall,K0_3,Independencia,lane,0,2,12.971,8.648,,,,,0.0,0.0,0.0,,0,,,0,,,,0,,,0.0,5.189,,,,,,,,,,,,,0,0,0,,,,,
K0_5_0,wall,K0_5,,river,0,0,0.0,7.559,,,,,0.0,0.0,0.0,,0,,,0,,,,0,,,0.0,4.535,,,,,,,,,,,,,0,0,0,,,,,
K0_6_0,building,K0_6,,river,0,0,0.0,11.884,6,0.99,8,2,0.0,0.3,3.95,closed_residential,1,,,0,,,,1,,,0.0,95.072,104.231,227.106,134.036,107.107,224.325,0,0,12,12,8,8,40,0,0,0,,K0_6_1:0.0,K0_5_0:0.0,K2_11_0:8.698,2
K0_6_1,building,K0_6,,river,0,1,11.884,5.942,3,0.99,4,3,-0.4,0.3,3.95,closed_residential,1,,,0,,,,1,,,0.0,23.768,99.761,219.03,134.036,101.199,217.64,0,0,9,9,6,6,30,1,0,0,,K0_6_0:0.0,K0_1_0:3.811,K2_10_1:8.491,2
K0_6_2,wall,K0_6,,river,0,2,17.827,7.923,,,,,0.0,0.0,0.0,,0,,,0,,,,0,,,0.0,4.754,,,,,,,,,,,,,0,0,0,,,,,
K1_0_0,wall,K1_0,Cervantes,lane,1,0,0.0,10.933,,,,,0.0,0.0,0.0,,0,,,0,,,,0,,,0.0,6.56,,,,,,,,,,,,,0,0,0,,,,,
K1_1_0,wall,K1_1,Cervantes,lane,1,0,0.0,9.778,,,,,0.0,0.0,0.0,,0,,,0,,,,0,,,0.0,5.867,,,,,,,,,,,,,0,0,0,,,,,
K1_3_0,wall,K1_3,Capitan_Salida,secondary,1,0,0.0,4.174,,,,,0.0,0.0,0.0,,0,,,0,,,,0,,,0.0,2.504,,,,,,,,,,,,,0,0,0,,,,,
K1_3_1,wall,K1_3,Capitan_Salida,secondary,1,1,4.174,6.261,,,,,0.0,0.0,0.0,,0,,,0,,,,0,,,0.0,3.757,,,,,,,,,,,,,0,0,0,,,,,
K1_3_2,wall,K1_3,Capitan_Salida,secondary,1,2,10.435,12.522,,,,,0.0,0.0,0.0,,0,,,0,,,,0,,,0.0,7.513,,,,,,,,,,,,,0,0,0,,,,,
K1_3_3,building,K1_3,Capitan_Salida,secondary,1,3,22.957,8.348,4,1.044,6,3,1.2,-0.712,0.9,mixed_commercial,1,,,0,,,,0,,,0.0,50.088,34.566,217.67,-135.12,32.449,215.544,0,2,12,12,9,3,36,0,0,0,,K1_3_4:0.001,K1_7_1:0.867,K5_1_1:6.196,1
K1_3_4,building,K1_3,Capitan_Salida,secondary,1,4,31.306,8.348,4,1.044,8,3,1.2,-1.202,0.7,mixed_commercial,1,,,0,,,,0,,,0.0,66.784,29.355,224.27,-135.12,26.533,221.436,0,0,12,12,12,12,48,0,0,0,,K1_3_5:0.0,K1_7_1:0.0,K5_1_0:5.933,3
K1_3_5,building,K1_3,Capitan_Salida,secondary,1,5,39.654,4.174,2,1.044,6,3,0.0,-1.569,0.45,closed_residential,0,,,0,,,,0,,,0.0,25.044,23.367,227.129,-135.12,21.25,225.003,0,3,6,6,9,0,21,0,0,1,,K1_3_4:0.0,K1_4_0:0.0,K5_0_1:4.6,2
K1_4_0,building,K1_4,Capitan_Salida,secondary,1,0,0.0,7.589,4,0.949,6,3,0.0,-1.933,0.47,closed_residential,0,,,0,,,,0,,,0.0,45.534,19.965,231.309,-126.027,17.539,229.545,3,3,12,12,0,0,24,0,0,0,,,K1_3_5:0.0,K5_0_0:4.601,2
K1_5_0,building,K1_5,Capitan_Salida,secondary,1,0,0.0,3.8,2,0.95,6,2,0.0,-2.249,0.13,closed_residential,0,,,0,,,,0,,,0.0,22.8,18.843,232.946,-63.013,16.169,234.307,2,2,4,4,0,0,8,1,1,1,,,K1_4_0:0.0,K5_0_0:4.6,1
K1_7_0,building,K1_7,Cervantes,lane,1,0,0.0,6.723,3,1.121,6,3,0.0,-2.037,0.41,closed_residential,1,,,0,,start,,0,,,0.0,40.338,36.861,232.766,92.386,39.858,232.641,0,0,9,9,9,9,36,0,0,0,,K1_7_1:0.0,K1_3_4:2.811,K3_12_1:3.6,1
K1_7_1,building,K1_7,Cervantes,lane,1,1,6.723,6.723,3,1.121,4,3,0.5,-1.72,0.41,closed_residential,1,,,0,,,,0,,,0.0,26.892,37.08,226.028,92.386,39.079,225.945,0,0,9,9,6,6,30,0,0,0,,K1_7_0:0.0,K1_3_4:0.0,K3_12_1:4.1,2
K2_0_0,building,K2_0,Ribera,secondary,2,0,0.0,6.783,3,1.131,6,4,0.0,-1.32,0.56,mixed_commercial,0,,,0,,,,0,,,0.0,40.698,166.118,222.728,151.557,167.547,220.09,4,4,12,12,0,0,24,0,0,0,,K2_0_1:0.0,K2_14_1:0.0,K4_5_0:4.4,2
K2_0_1,building,K2_0,Ribera,secondary,2,1,6.783,6.783,3,1.131,6,4,0.0,-1.013,0.4,mixed_commercial,0,,,0,,,,0,,,0.0,40.698,160.154,219.497,151.557,161.583,216.859,3,4,12,12,3,0,27,0,0,0,,K2_0_0:0.0,K2_14_1:4.277,K4_4_2:4.4,2
K2_0_2,building,K2_0,Ribera,secondary,2,2,13.567,6.783,3,1.131,6,4,0.0,-0.706,0.4,closed_residential,0,,,0,,,,0,,,0.0,40.698,154.189,216.266,151.557,155.618,213.628,3,3,12,12,3,3,30,0,0,0,,K2_0_3:0.0,K2_1_0:6.783,K4_4_1:4.4,2
K2_0_3,building,K2_0,Ribera,secondary,2,3,20.35,6.783,3,1.131,6,3,0.0,-0.399,0.4,mixed_commercial,0,,,0,,,,0,,,0.0,40.698,148.224,213.035,151.557,149.653,210.397,3,0,9,9,0,9,27,0,0,0,,K2_0_2:0.0,K2_1_0:0.0,K4_3_0:4.4,2
K2_1_0,building,K2_1,Ribera,secondary,2,0,0.0,3.873,2,0.968,6,4,0.0,-0.187,0.32,closed_residential,0,,,0,,,,0,,,0.0,23.238,143.18,209.534,135.0,145.302,207.413,0,2,8,8,12,6,34,1,1,1,,K2_1_1:0.0,K2_0_3:0.0,K4_3_0:4.4,2
K2_1_1,building,K2_1,Ribera,secondary,2,1,3.873,11.619,6,0.968,8,2,0.0,0.164,0.51,closed_residential,1,,,0,,,,0,,,0.0,92.952,136.996,204.764,135.0,139.824,201.935,0,0,12,12,8,8,40,0,0,0,,K2_1_0:0.0,K2_0_3:3.873,K2_2_0:0.001,2
K2_2_0,building,K2_2,Ribera,secondary,2,0,0.0,8.582,4,1.073,8,2,0.0,0.528,0.4,closed_residential,1,,,0,,,,0,,,0.0,68.656,132.121,193.191,84.805,136.105,193.554,0,0,8,8,8,8,32,0,0,0,,K2_2_1:0.0,K2_6_0:0.0,K2_1_1:0.001,3
K2_2_1,building,K2_2,Ribera,secondary,2,1,8.582,4.291,2,1.073,4,2,0.0,0.819,0.35,closed_residential,0,,,0,,,,0,,,0.0,17.164,134.695,186.962,84.805,136.687,187.144,1,2,4,4,2,0,10,1,0,1,,K2_2_0:0.0,K2_5_0:0.0,K4_0_6:4.361,2
K2_4_0,wall,K2_4,Espina_Plaza,main,2,0,0.0,7.441,,,,,0.0,0.0,0.0,,0,,,0,,,,0,,,0.0,4.465,,,,,,,,,,,,,0,0,0,,,,,
K2_5_0,building,K2_5,,plaza,2,0,0.0,4.887,2,1.222,6,3,0.0,0.2,0.1,mixed_commercial,0,,,0,,,,0,,,0.0,29.322,131.267,183.074,-161.565,130.318,180.228,0,0,6,6,9,9,30,0,0,0,,,K2_4_0:0.0,K9_0_3:7.481,3
K2_6_0,building,K2_6,,plaza,2,0,0.0,6.061,3,1.01,8,3,0.0,0.2,0.1,closed_residential,1,,,0,,,,0,,,0.0,48.488,125.566,185.388,-171.87,125.0,181.429,0,0,9,9,12,12,42,0,0,0,,K2_6_1:0.0,K2_5_0:0.0,K9_0_1:10.942,3
K2_6_1,building,K2_6,,plaza,2,1,6.061,8.081,4,1.01,6,4,0.0,0.2,0.1,mixed_commercial,0,,,0,,,,0,,,0.0,48.486,118.424,185.398,-171.87,118.0,182.429,3,4,16,16,3,0,35,0,0,0,,K2_6_0:0.0,K2_7_0:0.0,K9_0_0:13.294,2
K2_7_0,building,K2_7,,plaza,2,0,0.0,7.775,4,0.972,6,4,0.0,0.2,0.1,closed_residential,0,,,0,,,,0,,,0.0,46.65,112.21,187.573,-149.036,110.667,185.0,4,4,16,16,0,0,32,0,0,0,,K2_7_1:0.0,K2_8_0:0.0,K9_0_0:17.207,3
K2_7_1,building,K2_7,,plaza,2,1,7.775,3.887,2,0.972,8,4,0.0,0.2,0.1,closed_residential,1,,,0,,,,0,,,0.0,31.096,107.724,191.43,-149.036,105.666,188.0,0,4,8,8,16,0,32,0,1,1,,K2_7_0:0.0,K2_8_0:0.0,K9_0_0:23.552,2
K2_8_0,building,K2_8,,plaza,2,0,0.0,11.402,6,0.95,8,4,0.0,0.2,0.1,mixed_commercial,1,,,0,,,,0,,,0.0,91.216,106.359,195.553,-105.255,102.5,194.5,4,0,24,24,0,16,64,0,0,0,,,K2_7_0:0.0,K3_4_0:12.43,4
K2_9_0,building,K2_9,,plaza,2,0,0.0,3.676,2,0.919,4,4,0.0,0.2,0.1,mixed_commercial,0,,,0,,end,,0,,,0.0,14.704,100.667,202.696,-144.462,99.504,201.068,0,0,8,8,8,8,32,1,1,1,,,K2_10_0:0.0,K2_8_0:0.0,2
K2_10_0,building,K2_10,,river,2,0,4.065,6.546,3,1.091,6,4,0.0,0.3,3.95,closed_residential,1,,,0,,,,1,,,0.0,39.276,105.269,205.321,-45.925,103.113,207.408,4,2,12,12,0,6,30,0,0,0,,K2_10_1:0.0,K2_8_0:0.0,K0_6_1:8.491,3
K2_10_1,building,K2_10,,river,2,1,10.611,6.546,3,1.091,6,2,0.0,0.3,3.95,closed_residential,0,,,0,,,,1,,,0.0,39.276,109.822,210.024,-45.925,107.667,212.111,2,2,6,6,0,0,12,0,0,0,,K2_10_0:0.0,K2_8_0:3.617,K0_6_1:8.491,2
K2_10_2,building,K2_10,,river,2,2,17.157,6.546,3,1.091,6,4,0.0,0.3,3.95,closed_residential,0,,,0,,,,1,,,0.0,39.276,114.375,214.727,-45.925,112.22,216.814,2,3,12,12,6,3,33,0,0,0,,K2_10_3:0.0,K2_8_0:9.88,K2_11_0:6.546,2
K2_10_3,building,K2_10,,river,2,3,23.703,6.546,3,1.091,6,3,0.0,0.3,3.95,closed_residential,0,,,0,,,,1,,,0.0,39.276,118.929,219.43,-45.925,116.773,221.516,3,0,9,9,0,9,27,0,0,0,,K2_10_2:0.0,K2_1_1:16.093,K2_11_0:0.0,2
K2_11_0,building,K2_11,,river,2,0,0.0,12.473,6,1.039,6,3,0.0,0.192,3.84,closed_residential,0,,,0,,,,1,,,0.0,74.838,123.417,229.237,-76.563,120.499,229.934,0,0,18,18,9,9,54,0,0,0,,,K2_10_3:0.0,K2_10_2:6.546,1
K2_13_0,building,K2_13,Ribera,secondary,2,0,0.0,3.8,2,0.95,6,4,0.0,-2.204,0.13,closed_residential,0,,,0,,,,0,,,0.0,22.8,175.167,232.959,63.435,177.851,234.301,0,4,8,8,12,0,28,1,1,1,,,K2_14_0:0.0,K4_5_1:4.4,1
K2_14_0,building,K2_14,Ribera,secondary,2,0,0.0,6.81,3,1.135,6,2,0.0,-1.979,0.4,mixed_commercial,0,,,0,,,,0,,,0.0,40.86,174.258,231.677,126.87,176.658,229.877,2,2,6,6,0,0,12,0,0,0,,K2_14_1:0.0,K2_13_0:0.0,K4_5_1:4.4,2
K2_14_1,building,K2_14,Ribera,secondary,2,1,6.81,6.81,3,1.135,6,2,0.0,-1.671,0.4,mixed_commercial,0,,,0,,,,0,,,0.0,40.86,170.172,226.229,126.87,172.572,224.429,1,2,6,6,3,0,15,0,0,0,,K2_14_0:0.0,K2_0_0:0.0,K4_5_0:4.4,2
K3_0_0,building,K3_0,Independencia,lane,3,0,0.0,8.4,4,1.05,8,3,0.0,-1.826,0.47,closed_residential,1,,,0,,,,0,,,0.0,67.2,56.548,230.686,70.017,60.307,232.053,0,0,12,12,12,12,48,0,0,0,,K3_0_1:0.0,K3_12_1:1.375,K0_3_2:3.799,1
K3_0_1,building,K3_0,Independencia,lane,3,1,8.4,8.4,4,1.05,8,3,1.2,-1.404,0.5,closed_residential,1,,,0,,,,0,,,0.0,67.2,58.291,222.382,70.017,62.05,223.749,0,0,12,12,12,12,48,0,0,0,,K3_0_2:0.0,K3_12_1:1.946,K0_3_2:4.999,2
K3_0_2,building,K3_0,Independencia,lane,3,2,16.8,8.4,4,1.05,8,3,0.0,-0.982,0.5,closed_residential,1,,,0,,,,0,,,0.0,67.2,62.289,214.897,70.017,66.049,216.264,0,0,12,12,12,12,48,0,0,0,,K3_0_1:0.0,K3_10_1:2.677,K3_1_0:0.0,2
K3_1_0,building,K3_1,Independencia,lane,3,0,0.0,9.701,5,0.97,6,2,0.0,-0.634,0.44,closed_residential,0,,,0,,,,0,,,0.0,58.206,71.462,208.231,14.037,72.19,211.142,0,0,10,10,6,6,32,0,0,0,,,K3_5_2:0.0,K3_0_2:0.0,2
K3_4_0,wall,K3_4,,river,3,0,0.0,2.962,,,,,0.0,0.0,0.0,,0,,,0,,,,0,,,0.0,1.777,,,,,,,,,,,,,0,0,0,,,,,
K3_5_0,building,K3_5,,river,3,0,0.0,6.22,3,1.037,6,2,0.0,0.211,3.86,closed_residential,0,,,0,,,,1,,,0.0,37.32,85.438,207.558,148.887,86.988,204.99,0,2,6,6,6,0,18,0,0,0,,K3_5_1:0.0,K3_4_0:0.0,K2_9_0:9.473,2
K3_5_1,building,K3_5,,river,3,1,6.22,6.22,3,1.037,6,4,0.0,0.063,3.71,closed_residential,0,,,0,,,,1,,,0.0,37.32,80.113,204.344,148.887,81.663,201.776,2,1,12,12,6,9,39,0,0,0,,K3_5_2:0.0,K3_1_0:0.165,K2_9_0:13.74,2
K3_5_2,building,K3_5,,river,3,2,12.44,6.22,3,1.037,6,2,0.0,-0.088,3.56,closed_residential,0,,,0,,,,1,,,0.0,37.32,74.788,201.13,148.887,76.338,198.562,2,0,6,6,0,6,18,0,0,0,,K3_5_1:0.0,K3_6_0:0.0,K2_9_0:19.11,3
K3_6_0,building,K3_6,,river,3,0,0.0,7.922,4,0.99,8,2,0.0,0.063,3.71,closed_residential,1,,,0,,,,1,,,0.0,63.376,68.067,197.448,139.748,70.652,194.396,0,2,8,8,8,0,24,0,0,0,,K3_6_1:0.0,K3_5_2:0.0,K8_15_0:16.35,2
K3_6_1,building,K3_6,,river,3,1,7.922,5.942,3,0.99,8,2,0.0,0.195,3.85,closed_residential,1,,,0,,,,1,,,0.0,47.536,62.777,192.969,139.748,65.361,189.916,1,0,6,6,4,8,24,0,0,0,,K3_6_0:0.0,K3_9_0:0.0,K8_15_0:11.851,2
K3_7_0,wall,K3_7,Puente_Piedra,bridge,3,0,0.0,7.724,,,,,0.0,0.0,0.0,,0,,,0,,,,0,,,0.0,4.634,,,,,,,,,,,,,0,0,0,,,,,
K3_9_0,building,K3_9,Cervantes,lane,3,0,0.0,3.531,2,0.883,4,2,0.0,-0.114,0.14,closed_residential,1,,,0,,,,0,,,0.0,14.124,57.875,196.798,-82.406,55.892,197.062,0,0,4,4,4,4,16,1,1,1,,,K3_6_1:0.0,K1_1_0:2.696,2
K3_10_0,building,K3_10,Cervantes,lane,3,0,0.0,4.034,2,1.008,8,2,0.0,-0.201,0.53,closed_residential,1,,,0,,,,0,,,0.0,32.272,57.198,203.162,-139.399,54.595,200.125,0,2,4,4,8,0,16,0,0,1,,K3_10_1:0.0,K3_0_2:2.678,K3_9_0:0.0,2
K3_10_1,building,K3_10,Cervantes,lane,3,1,4.034,6.051,3,1.008,8,3,0.0,-0.44,0.56,closed_residential,1,,,0,,,,0,,,0.0,48.408,53.369,206.443,-139.399,50.766,203.406,2,3,9,9,4,0,22,0,0,0,,K3_10_0:0.0,K3_11_0:0.0,K1_1_0:3.8,2
K3_11_0,building,K3_11,Cervantes,lane,3,0,0.0,9.067,5,0.907,8,3,0.0,-0.817,0.77,closed_residential,1,,,0,,,,0,,,0.0,72.536,48.948,211.403,-126.87,45.748,209.003,3,3,15,15,0,0,30,0,0,0,,,K3_10_1:0.0,K1_0_0:3.8,2
K3_12_0,building,K3_12,Cervantes,lane,3,0,0.0,10.632,5,1.063,8,3,0.0,-1.35,0.5,closed_residential,1,,,0,,,,0,,,0.0,85.056,47.246,217.774,-87.614,43.249,217.94,3,0,15,15,0,12,42,0,0,0,,K3_12_1:0.0,K3_11_0:0.0,K1_3_3:3.56,2
K3_12_1,building,K3_12,Cervantes,lane,3,1,10.632,6.379,3,1.063,8,3,-0.4,-1.752,0.4,closed_residential,1,,,0,,,,0,,,0.0,51.032,47.2,226.289,-87.614,43.204,226.455,0,0,9,9,12,12,42,0,0,0,,K3_12_0:0.0,K3_0_0:1.375,K1_7_0:3.6,2
K3_12_2,building,K3_12,Cervantes,lane,3,2,17.012,6.379,3,1.063,6,3,0.0,-2.053,0.4,closed_residential,1,,,0,,end,,0,,,0.0,38.274,46.866,232.688,-87.614,43.869,232.813,0,0,9,9,9,9,36,0,0,0,,K3_12_1:0.001,K3_0_0:1.459,K1_7_0:4.0,1
K4_0_0,building,K4_0,Espina_E,main,4,0,0.0,3.873,2,0.968,8,4,0.0,1.994,1.19,lodging,1,,,0,,,,0,,,0.0,30.984,192.521,212.41,154.307,194.255,208.805,0,3,8,8,16,4,36,0,1,1,,K4_0_1:0.0,K4_5_0:6.328,K7_6_6:6.786,1
K4_0_1,building,K4_0,Espina_E,main,4,1,3.873,9.682,5,0.968,8,4,0.0,1.9,1.76,mixed_commercial,1,,,0,,,,0,,,0.0,77.456,186.413,209.472,154.307,188.148,205.867,4,0,20,20,0,16,56,0,0,0,,K4_0_2:0.0,K4_5_0:2.462,K7_6_6:6.227,2
K4_0_2,building,K4_0,Espina_E,main,4,2,13.555,9.682,5,0.968,8,4,-0.4,1.766,1.57,closed_residential,1,,,0,,,,0,,,0.0,77.456,177.862,204.913,154.307,179.596,201.309,0,3,20,20,16,4,60,0,0,0,,K4_0_3:0.0,K4_4_2:1.63,K7_6_6:5.862,2
K4_0_3,building,K4_0,Espina_E,main,4,3,23.237,9.682,5,0.968,8,4,-0.4,1.632,1.44,lodging,1,,,0,,,,0,,,0.0,77.456,169.137,200.716,154.307,170.872,197.111,4,2,20,20,0,8,48,0,0,0,,K4_0_4:0.0,K4_4_1:1.165,K7_6_4:5.912,2
K4_0_4,building,K4_0,Espina_E,main,4,4,32.919,9.682,5,0.968,8,3,-0.4,1.498,1.26,mixed_commercial,1,,,0,,,,0,,,0.0,77.456,160.413,196.518,154.307,162.147,192.914,3,2,15,15,0,4,34,0,0,0,,K4_0_3:0.0,K4_4_0:0.701,K7_6_2:6.992,2
K4_0_5,building,K4_0,Espina_E,main,4,5,42.601,7.746,4,0.968,8,3,-0.4,1.377,1.0,closed_residential,1,,,0,,,,0,,,0.0,61.968,152.56,192.74,154.307,154.294,189.136,3,0,12,12,0,12,36,0,0,0,,K4_0_4:0.0,K4_1_0:0.195,K7_6_0:5.9,2
K4_0_6,building,K4_0,Espina_E,main,4,6,50.346,7.746,4,0.968,8,3,0.0,1.248,1.03,mixed_commercial,1,,,0,,,,0,,,0.0,61.968,145.407,189.743,154.307,147.142,186.138,0,3,12,12,12,0,36,0,0,0,,K4_0_5:0.0,K4_1_0:0.0,K7_6_0:6.255,2
K4_1_0,building,K4_1,Ribera,secondary,4,0,0.0,3.582,2,0.895,8,3,0.0,1.029,0.33,mixed_commercial,1,,,0,,,,0,,,0.0,28.656,145.214,188.554,-135.0,142.386,185.725,3,0,6,6,0,12,24,0,1,1,,,K4_0_6:0.0,K2_4_0:4.254,1
K4_3_0,building,K4_3,Ribera,secondary,4,0,0.0,12.792,6,1.066,4,3,0.0,0.044,0.62,mixed_commercial,1,,,0,,,,0,,,0.0,51.168,146.221,199.281,-45.0,144.807,200.696,0,3,18,18,6,0,42,0,0,0,,,K4_4_0:0.0,K2_2_0:4.399,1
K4_4_0,building,K4_4,Ribera,secondary,4,0,0.0,9.806,5,0.981,8,3,0.0,-0.496,0.47,mixed_commercial,1,,,0,,,,0,,,0.0,78.448,155.545,204.036,-28.443,153.64,207.553,3,3,15,15,0,0,30,0,0,0,,K4_4_1:0.0,K4_3_0:0.0,K2_0_3:4.4,2
K4_4_1,building,K4_4,Ribera,secondary,4,1,9.806,9.806,5,0.981,8,4,0.0,-0.94,0.47,mixed_commercial,1,,,0,,,,0,,,0.0,78.448,164.168,208.706,-28.443,162.263,212.224,3,3,20,20,4,4,48,0,0,0,,K4_4_0:0.0,K4_0_4:1.125,K2_0_1:4.4,2
K4_4_2,building,K4_4,Ribera,secondary,4,2,19.611,7.845,4,0.981,8,4,0.0,-1.339,0.41,closed_residential,1,,,0,,,,0,,,0.0,62.76,171.927,212.909,-28.443,170.022,216.427,4,0,16,16,0,16,48,0,0,0,,K4_4_1:0.0,K4_5_0:0.0,K2_14_1:4.4,2
K4_5_0,building,K4_5,Ribera,secondary,4,0,0.0,10.06,5,1.006,8,4,0.0,-1.701,0.48,closed_residential,1,,,0,,,,0,,,0.0,80.48,179.689,219.919,-53.13,176.489,222.319,0,0,20,20,16,16,72,0,0,0,,K4_5_1:0.0,K4_4_2:0.0,K2_14_0:4.4,2
K4_5_1,building,K4_5,Ribera,secondary,4,1,10.06,12.072,6,1.006,6,3,0.0,-2.202,0.45,mixed_commercial,0,,,0,,,,0,,,0.0,72.432,185.529,229.372,-53.13,183.129,231.172,3,0,18,18,0,9,45,0,0,0,,K4_5_0:0.0,K4_0_1:8.872,K2_14_0:4.4,1
K5_0_0,building,K5_0,Capitan_Salida,secondary,5,0,0.0,7.713,4,0.964,6,3,0.0,-2.372,0.38,closed_residential,0,,,0,,,,0,,,0.0,46.278,6.998,231.117,53.973,9.424,232.881,0,2,12,12,9,3,36,0,0,0,,K5_0_1:0.0,K5_1_0:7.713,K1_5_0:4.6,1
K5_0_1,building,K5_0,Capitan_Salida,secondary,5,1,7.713,7.713,4,0.964,8,2,0.0,-1.919,0.48,mixed_commercial,1,,,0,,,,0,,,0.0,61.704,10.726,224.291,53.973,13.961,226.643,0,0,8,8,8,8,32,0,0,0,,K5_0_0:0.0,K5_1_0:0.0,K1_3_5:4.6,2
K5_1_0,building,K5_1,Capitan_Salida,secondary,5,0,0.0,8.446,4,1.056,8,2,0.0,-1.463,0.49,mixed_commercial,1,,,0,,,,0,,,0.0,67.568,16.216,217.707,46.686,19.126,220.451,0,2,8,8,8,0,24,0,0,0,,K5_1_1:0.0,K5_0_1:0.0,K1_3_5:4.602,2
K5_1_1,building,K5_1,Capitan_Salida,secondary,5,1,8.446,6.334,3,1.056,8,3,0.0,-1.029,0.44,closed_residential,1,,,0,,,,0,,,0.0,50.672,21.285,212.33,46.686,24.196,215.074,1,3,9,9,8,0,26,0,0,0,,K5_1_2:0.0,K5_3_0:5.647,K1_3_4:6.057,2
K5_1_2,building,K5_1,Capitan_Salida,secondary,5,2,14.78,8.446,4,1.056,8,3,0.0,-0.595,0.5,mixed_commercial,1,,,0,,,,0,,,0.0,67.568,26.355,206.953,46.686,29.265,209.697,2,0,12,12,4,12,40,0,0,0,,K5_1_3:0.0,K5_2_0:0.0,K1_3_2:5.06,3
K5_1_3,building,K5_1,Capitan_Salida,secondary,5,3,23.226,4.223,2,1.056,6,4,0.0,-0.18,0.38,closed_residential,1,,,0,,end,,0,,,0.0,25.338,31.428,203.03,46.686,33.611,205.088,2,0,8,8,6,12,34,0,0,1,,K5_1_2:0.0,K5_2_0:0.066,K1_3_2:5.123,1
K5_2_0,building,K5_2,El_Sol,lane,5,0,6.043,3.575,2,0.894,6,3,0.0,0.0,0.39,closed_residential,1,,,0,,,,0,,,0.0,21.45,27.615,199.692,131.633,29.858,197.699,3,3,6,6,0,0,12,1,1,1,,,K5_3_0:0.0,K6_2_0:3.799,2
K5_3_0,building,K5_3,El_Sol,lane,5,0,0.0,4.095,2,1.024,8,3,0.0,0.0,0.42,mixed_commercial,1,,,0,,,,0,,,0.0,32.76,24.523,198.094,139.764,27.107,195.04,3,3,6,6,0,0,12,0,0,1,,K5_3_1:0.0,K5_2_0:0.0,K6_2_0:3.799,2
K5_3_1,building,K5_3,El_Sol,lane,5,1,4.095,12.286,6,1.024,8,3,0.0,0.0,0.37,mixed_commercial,1,,,0,,,,0,,,0.0,98.288,18.271,192.803,139.764,20.854,189.75,3,3,18,18,0,0,36,0,0,0,,K5_3_0:0.0,K5_4_0:0.0,K6_0_1:3.8,2
K5_4_0,building,K5_4,El_Sol,lane,5,0,0.0,16.414,7,1.172,4,3,0.0,0.0,0.1,closed_residential,1,,,0,,end,,0,,,0.0,65.656,7.734,186.325,169.992,8.082,184.356,3,0,21,21,0,6,48,0,0,0,,,K5_3_1:0.0,K6_0_1:3.8,1
K6_0_0,building,K6_0,El_Sol,lane,6,0,0.0,7.9,4,0.988,6,2,0.0,0.0,0.1,closed_residential,1,,,0,,,,0,,,0.0,47.4,4.741,176.861,-10.008,4.22,179.815,0,2,8,8,6,0,22,0,0,0,,K6_0_1:0.0,K6_11_2:4.321,K5_4_0:3.8,1
K6_0_1,building,K6_0,El_Sol,lane,6,1,7.9,9.875,5,0.988,8,2,0.0,0.0,0.1,mixed_commercial,1,,,0,,,,0,,,0.0,79.0,13.667,177.421,-10.008,12.972,181.36,0,0,10,10,8,8,36,0,0,0,,K6_0_0:0.0,K6_1_0:0.001,K5_3_1:3.8,2
K6_1_0,building,K6_1,El_Sol,lane,6,0,0.0,11.785,6,0.982,8,2,0.0,0.0,0.1,closed_residential,1,,,0,,,,0,,,0.0,94.28,24.918,182.971,-40.236,22.334,186.024,0,0,12,12,8,8,40,0,0,0,,K6_1_1:0.0,K6_0_1:0.001,K5_3_1:3.8,2
K6_1_1,building,K6_1,El_Sol,lane,6,1,11.785,5.893,3,0.982,6,3,0.0,0.0,0.1,closed_residential,1,,,0,,,,0,,,0.0,35.358,31.02,189.443,-40.236,29.082,191.734,2,0,9,9,3,9,30,0,0,0,,K6_1_0:0.0,K6_2_0:0.0,K5_3_1:3.8,2
K6_2_0,building,K6_2,El_Sol,lane,6,0,0.0,3.69,2,0.922,4,3,0.0,0.0,0.1,closed_residential,1,,,0,,,,0,,,0.0,14.76,34.051,193.687,-48.367,32.556,195.016,0,3,6,6,6,0,18,1,1,1,,,K6_1_1:0.0,K5_3_0:3.799,2
K6_3_0,building,K6_3,Capitan,secondary,6,0,0.0,6.637,3,1.106,6,4,0.0,0.046,0.15,closed_residential,0,,,0,,start,,0,,,0.0,39.822,38.293,196.45,41.32,40.274,198.703,0,3,12,12,12,3,39,0,0,0,,K6_3_1:0.0,K6_2_0:0.021,K1_3_1:4.806,2
K6_3_1,building,K6_3,Capitan,secondary,6,1,6.637,6.637,3,1.106,6,3,0.0,0.118,0.3,closed_residential,0,,,0,,,,0,,,0.0,39.822,43.278,192.068,41.32,45.259,194.321,3,3,9,9,0,0,18,0,0,0,,K6_3_0:0.0,K6_4_0:0.0,K1_3_0:4.4,2
K6_4_0,building,K6_4,Capitan,secondary,6,0,0.0,3.055,2,0.764,6,3,0.0,0.18,0.32,closed_residential,0,,,0,,,,0,,,0.0,18.33,44.719,190.665,91.178,47.719,190.603,3,0,6,6,0,9,21,1,1,1,,,K6_3_1:0.0,K6_5_0:0.0,2
K6_5_0,wall,K6_5,Capitan,secondary,6,0,0.0,2.847,,,,,0.0,0.0,0.0,,0,,,0,,,,0,,,0.0,1.708,,,,,,,,,,,,,0,0,0,,,,,
K6_6_0,wall,K6_6,Puente_Piedra,bridge,6,0,0.0,2.847,,,,,0.0,0.0,0.0,,0,,,0,,,,0,,,0.0,1.708,,,,,,,,,,,,,0,0,0,,,,,
K6_7_0,wall,K6_7,Puente_Piedra,bridge,6,0,0.0,2.949,,,,,0.0,0.0,0.0,,0,,,0,,,,0,,,0.0,1.769,,,,,,,,,,,,,0,0,0,,,,,
K6_8_0,building,K6_8,Puente_Piedra,bridge,6,0,0.0,3.425,2,0.856,6,3,0.0,0.2,0.1,mixed_commercial,0,,,0,,end,,0,,,0.0,20.55,53.508,181.917,46.848,55.696,183.969,0,0,6,6,9,9,30,1,1,1,,,K6_9_0:0.0,K3_7_0:3.395,2
K6_9_0,wall,K6_9,,river,6,0,6.027,2.782,,,,,0.0,0.0,0.0,,0,,,0,,,,0,,,0.0,1.669,,,,,,,,,,,,,0,0,0,,,,,
K6_10_0,building,K6_10,,river,6,0,0.0,9.935,5,0.994,6,2,0.0,0.2,3.85,closed_residential,0,,,0,,,,1,,,0.0,59.61,44.378,177.635,154.945,45.649,174.917,0,1,10,10,6,3,29,0,0,0,,K6_10_1:0.0,K6_9_0:0.0,K8_13_2:8.979,2
K6_10_1,building,K6_10,,river,6,1,9.935,7.948,4,0.994,8,2,0.0,0.145,3.79,closed_residential,1,,,0,,,,1,,,0.0,63.584,35.855,174.754,154.945,37.549,171.131,0,1,8,8,8,4,28,0,0,0,,K6_10_2:0.0,K6_1_0:4.436,K8_13_1:8.977,2
K6_10_2,building,K6_10,,river,6,2,17.883,7.948,4,0.994,8,2,0.0,0.0,3.65,closed_residential,1,,,0,,,,1,,,0.0,63.584,28.655,171.388,154.945,30.349,167.765,2,2,8,8,0,0,16,0,0,0,,K6_10_1:0.0,K6_11_0:0.0,K8_12_3:8.903,2
K6_11_0,building,K6_11,,river,6,0,0.0,6.735,3,1.123,6,3,0.0,0.0,3.65,closed_residential,0,,,0,,,,1,,,0.0,40.41,23.049,168.662,173.189,23.405,165.684,3,3,9,9,0,0,18,0,0,0,,K6_11_1:0.0,K6_10_2:0.0,K8_12_3:8.905,2
K6_11_1,building,K6_11,,river,6,1,6.735,6.735,3,1.123,6,3,0.0,0.0,3.65,closed_residential,0,,,0,,,,1,,,0.0,40.41,16.362,167.864,173.189,16.718,164.885,3,3,9,9,0,0,18,0,0,0,,K6_11_2:0.0,K6_0_1:2.697,K8_12_3:8.928,2
K6_11_2,building,K6_11,,river,6,2,13.469,6.735,3,1.123,6,4,0.0,0.0,3.65,closed_residential,0,,,0,,,,1,,,0.0,40.41,9.676,167.065,173.189,10.031,164.086,3,0,12,12,3,12,39,0,0,0,,K6_11_3:0.0,K6_0_1:2.54,K8_12_2:8.95,2
K6_11_3,building,K6_11,,river,6,3,20.204,6.735,3,1.123,4,2,0.0,0.0,3.65,closed_residential,0,,,0,,end,,1,,,0.0,26.94,3.107,165.273,173.189,3.344,163.287,2,0,6,6,0,4,16,0,0,0,,K6_11_2:0.0,K6_0_1:5.955,K8_12_1:8.973,1
K7_0_0,building,K7_0,Calle_Alta_Salida,secondary,7,0,0.0,4.121,2,1.03,4,4,0.0,5.0,0.1,closed_residential,1,,,0,,,,0,,,0.0,16.484,193.189,164.313,147.652,194.259,162.624,0,2,8,8,8,4,28,1,0,1,,K7_0_1:0.0,K7_1_0:8.451,K13_4_0:5.369,1
K7_0_1,building,K7_0,Calle_Alta_Salida,secondary,7,1,4.121,10.303,5,1.03,8,2,0.0,5.0,0.36,mixed_commercial,1,,,0,,,,0,,,0.0,82.424,186.026,162.144,147.652,188.166,158.765,0,2,10,10,8,0,28,0,0,0,,K7_0_0:0.0,K7_1_0:0.0,K13_4_0:4.614,2
K7_1_0,building,K7_1,Obispo_Bajo,secondary,7,0,0.0,6.446,3,1.074,4,2,0.0,4.79,0.45,closed_residential,1,,,0,,,,0,,,0.0,25.784,180.436,157.733,175.236,180.602,155.74,2,2,6,6,0,0,12,0,0,0,,K7_1_1:0.0,K7_0_1:0.0,K9_5_0:3.873,2
K7_1_1,building,K7_1,Obispo_Bajo,secondary,7,1,6.446,4.297,2,1.074,6,4,0.0,4.458,0.38,mixed_commercial,0,,,0,,,,0,,,0.0,25.782,175.0,158.284,175.236,175.249,155.294,0,4,8,8,12,0,28,0,0,1,,K7_1_0:0.0,K7_2_0:0.0,K9_5_0:3.884,2
K7_2_0,building,K7_2,Obispo_Bajo,secondary,7,0,0.0,7.454,4,0.932,8,4,0.0,4.077,0.46,mixed_commercial,1,,,0,,,,0,,,0.0,59.632,170.182,159.734,-169.38,169.445,155.803,4,3,16,16,0,4,36,0,0,0,,K7_2_1:0.0,K7_1_1:0.0,K9_3_1:4.2,2
K7_2_1,building,K7_2,Obispo_Bajo,secondary,7,1,7.454,7.454,4,0.932,8,4,0.0,3.648,0.96,mixed_commercial,1,,,0,,,,0,,,0.0,59.632,162.856,161.108,-169.38,162.119,157.177,4,4,16,16,0,0,32,0,0,0,,K7_2_0:0.0,K7_3_0:0.0,K9_2_1:4.191,2
K7_3_0,building,K7_3,Obispo_Bajo,secondary,7,0,0.0,7.124,4,0.89,8,4,0.0,3.104,0.61,closed_residential,1,,,0,,,,0,,,0.0,56.992,160.603,162.771,-114.677,156.968,161.101,4,0,16,16,0,16,48,0,0,0,,K7_3_1:0.0,K7_2_1:0.0,K9_2_0:3.759,2
K7_3_1,building,K7_3,Obispo_Bajo,secondary,7,1,7.124,7.124,4,0.89,8,4,0.5,2.694,0.82,closed_residential,1,,,0,,,,0,,,0.0,56.992,158.083,169.453,-114.677,154.448,167.783,0,0,16,16,16,16,64,0,0,0,,K7_3_0:0.0,K7_2_1:0.595,K9_2_0:4.23,2
K7_3_2,building,K7_3,Obispo_Bajo,secondary,7,2,14.249,7.124,4,0.89,4,4,0.0,2.259,0.81,mixed_commercial,1,,,0,,,,0,,,0.0,28.496,152.836,174.883,-114.677,151.019,174.048,0,0,16,16,8,8,48,0,0,0,,K7_3_1:0.001,K7_6_1:0.838,K9_2_0:3.783,1
K7_6_0,wall,K7_6,Espina_E,main,7,0,0.0,6.069,,,,,0.0,0.0,0.0,,0,,,0,,,,0,,,0.0,3.641,,,,,,,,,,,,,0,0,0,,,,,
K7_6_1,building,K7_6,Espina_E,main,7,1,6.069,6.069,3,1.012,8,4,1.0,1.355,0.1,closed_residential,1,,,0,,,,0,,,0.0,48.552,157.688,178.518,-25.986,155.935,182.114,0,4,12,12,16,0,40,0,0,0,,K7_6_2:0.0,K7_3_1:0.772,K4_0_5:7.024,1
K7_6_2,building,K7_6,Espina_E,main,7,2,12.138,6.069,3,1.012,8,4,1.0,1.439,0.14,closed_residential,1,,,0,,,,0,,,0.0,48.552,163.143,181.177,-25.986,161.391,184.773,3,0,12,12,4,16,44,0,0,0,,K7_6_1:0.0,K7_3_1:2.709,K4_0_4:6.992,2
K7_6_3,building,K7_6,Espina_E,main,7,3,18.208,12.138,6,1.012,8,4,1.2,1.565,0.33,mixed_commercial,1,,,0,,,,0,,,0.0,97.104,171.415,184.987,-25.986,169.662,188.583,0,0,24,24,16,16,80,0,0,0,,K7_6_4:0.0,K7_3_1:8.666,K4_0_3:7.13,2
K7_6_4,building,K7_6,Espina_E,main,7,4,30.346,8.092,4,1.012,8,4,0.0,1.705,0.31,mixed_commercial,1,,,0,,,,0,,,0.0,64.736,179.982,190.498,-25.986,178.229,194.093,0,4,16,16,16,0,48,0,0,0,,K7_6_3:0.0,K7_7_0:5.355,K4_0_2:5.889,2
K7_6_5,building,K7_6,Espina_E,main,7,5,38.438,4.046,2,1.012,8,4,0.0,1.79,0.13,mixed_commercial,1,,,0,,,,0,,,0.0,32.368,185.437,193.157,-25.986,183.684,196.752,3,4,8,8,4,0,20,0,0,1,,K7_6_4:0.0,K7_7_0:1.309,K4_0_2:5.868,2
K7_6_6,building,K7_6,Espina_E,main,7,6,42.485,8.092,4,1.012,8,4,0.0,1.874,0.31,closed_residential,1,,,0,,,,0,,,0.0,64.736,190.893,195.816,-25.986,189.141,199.412,3,4,16,16,4,0,36,0,0,0,,K7_6_5:0.001,K7_7_0:0.0,K4_0_2:5.862,2
K7_7_0,building,K7_7,Espina_E,main,7,0,0.0,3.8,2,0.95,8,4,0.0,1.953,0.37,lodging,1,,,0,,,,0,,,0.0,30.4,192.269,196.785,32.007,194.389,200.177,4,0,8,8,0,16,32,0,1,1,,,K7_6_6:0.0,K4_0_1:6.228,1
K8_1_0,building,K8_1,Subida_Puente,main,8,0,0.0,5.922,3,0.987,8,3,0.0,0.2,0.1,mixed_commercial,1,,,0,,,,0,,,0.0,47.376,63.395,169.227,40.815,66.01,172.255,3,0,9,9,0,12,30,0,0,0,,K8_1_1:0.0,K8_15_0:0.085,K3_7_0:11.556,1
K8_1_1,building,K8_1,Subida_Puente,main,8,1,5.922,5.922,3,0.987,8,3,1.2,0.245,0.13,mixed_commercial,1,,,0,,,,0,,,0.0,47.376,67.093,164.448,40.815,69.708,167.476,0,0,9,9,12,12,42,0,0,0,,K8_1_2:0.0,K8_13_3:4.197,K3_7_0:17.39,2
K8_1_2,building,K8_1,Subida_Puente,main,8,2,11.844,5.922,3,0.987,8,3,0.0,0.289,0.12,closed_residential,1,,,0,,,,0,,,0.0,47.376,72.359,161.486,40.815,74.974,164.513,0,0,9,9,12,12,42,0,0,0,,K8_1_1:0.0,K8_2_0:0.0,K10_0_0:11.848,2
K8_2_0,building,K8_2,Subida_Puente,main,8,0,0.0,5.029,3,0.838,6,4,0.0,0.336,0.12,mixed_commercial,0,,,0,,,,0,,,0.0,30.174,77.756,158.701,32.005,79.346,161.245,0,4,12,12,12,0,36,0,0,0,,,K8_5_0:0.0,K10_1_0:8.156,3
K8_3_0,building,K8_3,Cantabra,secondary,8,0,0.0,3.2,2,0.8,4,6,-1.2,0.413,0.13,landmark,0,U20_Landmark_Tower_4x4,Torre,0,,,,0,,,0.0,12.8,81.034,158.18,77.848,82.989,158.601,6,0,12,12,0,12,36,1,1,1,,,K8_2_0:0.0,K10_11_0:3.664,1
K8_5_0,building,K8_5,Cantabra,secondary,8,0,0.0,3.979,2,0.995,4,4,0.0,0.538,0.35,mixed_commercial,0,,,0,,,,0,,,0.0,15.916,76.831,153.748,155.056,77.674,151.935,0,0,8,8,8,8,32,1,1,1,,K8_5_1:0.0,K8_2_0:0.0,K10_10_4:4.5,2
K8_5_1,building,K8_5,Cantabra,secondary,8,1,3.979,7.957,4,0.995,6,3,-0.4,0.6,0.37,closed_residential,1,,,0,,,,0,,,0.0,47.742,71.166,151.776,155.056,72.431,149.055,0,3,12,12,9,0,33,0,0,0,,K8_5_2:0.0,K8_1_2:0.959,K10_10_4:4.1,2
K8_5_2,building,K8_5,Cantabra,secondary,8,2,11.936,5.968,3,0.995,8,4,-0.4,0.672,0.13,closed_residential,1,,,0,,,,0,,,0.0,47.744,64.431,149.746,155.056,66.118,146.119,0,3,12,12,16,4,44,0,0,0,,K8_5_3:0.0,K8_1_1:5.018,K10_10_2:5.3,2
K8_5_3,building,K8_5,Cantabra,secondary,8,3,17.903,9.946,5,0.995,8,3,-0.4,0.754,0.3,closed_residential,1,,,0,,,,0,,,0.0,79.568,57.218,146.391,155.056,58.905,142.764,3,3,15,15,0,0,30,0,0,0,,K8_5_2:0.0,K8_6_0:7.543,K10_10_0:4.107,2
K8_5_4,building,K8_5,Cantabra,secondary,8,4,27.85,7.957,4,0.995,8,4,-0.4,0.846,0.14,closed_residential,1,,,0,,,,0,,,0.0,63.656,49.1,142.615,155.056,50.787,138.988,2,0,16,16,8,16,56,0,0,0,,K8_5_5:0.0,K8_6_0:0.0,K10_10_0:4.1,3
K8_5_5,building,K8_5,Cantabra,secondary,8,5,35.807,5.968,3,0.995,8,3,0.0,0.918,0.13,closed_residential,1,,,0,,,,0,,,0.0,47.744,42.618,140.042,155.056,44.305,136.415,0,3,9,9,12,0,30,0,0,0,,K8_5_4:0.0,K8_6_0:0.0,K10_10_0:4.5,2
K8_6_0,building,K8_6,Cantabra,secondary,8,0,0.0,3.593,2,0.898,8,3,0.0,0.981,0.35,mixed_commercial,1,,,0,,,,0,,,0.0,28.744,41.891,139.531,-152.026,40.014,135.999,3,0,6,6,0,12,24,0,1,1,,,K8_5_5:0.0,K10_9_0:4.5,3
K8_7_0,building,K8_7,Callejon_Oeste,lane,8,0,0.0,6.756,3,1.126,8,2,0.0,1.016,0.13,mixed_commercial,1,,,0,,,,0,,,0.0,54.048,33.943,139.544,161.25,35.228,135.756,0,2,6,6,8,0,20,0,0,0,,,K8_8_0:0.0,K11_2_0:3.6,2
K8_8_0,building,K8_8,Callejon_Oeste,lane,8,0,0.0,4.321,2,1.08,6,2,0.0,1.07,0.14,closed_residential,1,,,0,,,,0,,,0.0,25.926,30.823,138.164,-163.301,29.961,135.291,2,0,4,4,0,6,14,0,0,1,,,K8_9_0:0.0,K11_2_0:3.6,2
K8_9_0,building,K8_9,Callejon_Oeste,lane,8,0,0.0,7.493,4,0.937,8,2,0.0,1.105,0.12,closed_residential,1,,,0,,,,0,,,0.0,59.944,22.872,138.113,156.801,24.447,134.436,0,0,8,8,8,8,32,0,0,0,,K8_9_1:0.0,K8_8_0:0.0,K11_1_0:3.6,2
K8_9_1,building,K8_9,Callejon_Oeste,lane,8,1,7.493,7.493,4,0.937,6,3,0.0,1.166,0.13,mixed_commercial,0,,,0,,,,0,,,0.0,44.958,16.379,134.242,156.801,17.56,131.485,1,3,12,12,6,0,30,0,0,0,,K8_9_0:0.0,K8_10_0:0.0,K11_0_1:3.6,2
K8_10_0,building,K8_10,Callejon_Oeste_Salida,lane,8,0,0.0,8.133,4,1.017,8,3,0.0,1.227,0.14,closed_residential,1,,,0,,,,0,,,0.0,65.064,10.591,134.493,-172.693,10.083,130.525,3,0,12,12,0,12,36,0,0,0,,K8_10_1:0.0,K8_9_1:0.0,K16_2_0:3.551,2
K8_10_1,building,K8_10,Callejon_Oeste_Salida,lane,8,1,8.133,6.099,3,1.016,6,2,0.0,1.28,0.15,closed_residential,1,,,0,,end,,0,,,0.0,36.594,3.406,134.406,-172.693,3.024,131.43,2,0,6,6,0,6,18,0,0,0,,K8_10_0:0.0,K8_9_1:5.088,K16_2_0:3.557,1
K8_12_0,building,K8_12,,river,8,0,0.0,5.566,3,0.928,6,2,0.0,0.896,4.55,closed_residential,0,,,0,,start,,1,,,0.0,33.396,3.128,151.186,-7.006,2.762,154.163,0,2,6,6,6,0,18,0,0,0,,K8_12_1:0.0,K8_10_0:9.598,K6_11_3:8.981,1
K8_12_1,building,K8_12,,river,8,1,5.566,7.421,4,0.928,8,4,0.0,0.879,4.53,closed_residential,1,,,0,,,,1,,,0.0,59.368,9.695,150.985,-7.006,9.207,154.956,0,4,16,16,16,0,48,0,0,0,,K8_12_0:0.0,K8_10_0:7.606,K6_11_2:8.956,2
K8_12_2,building,K8_12,,river,8,2,12.987,7.421,4,0.928,8,4,0.0,0.855,4.51,closed_residential,1,,,0,,,,1,,,0.0,59.368,17.061,151.891,-7.006,16.573,155.861,4,3,16,16,0,4,36,0,0,0,,K8_12_1:0.0,K8_9_0:6.077,K6_11_1:8.931,2
K8_12_3,building,K8_12,,river,8,3,20.408,9.276,5,0.928,8,4,0.0,0.784,4.43,closed_residential,1,,,0,,,,1,,,0.0,74.208,25.347,152.909,-7.006,24.859,156.879,4,0,20,20,0,16,56,0,0,0,,K8_12_2:0.0,K8_13_0:0.001,K6_10_2:8.903,2
K8_13_0,building,K8_13,,river,8,0,0.0,6.007,3,1.001,8,2,0.0,0.781,4.43,closed_residential,1,,,0,,,,1,,,0.0,48.056,33.877,155.091,-25.039,32.184,158.715,0,2,6,6,8,0,20,0,0,0,,K8_13_1:0.0,K8_12_3:0.001,K6_10_2:8.975,2
K8_13_1,building,K8_13,,river,8,1,6.007,8.009,4,1.001,8,4,0.0,0.484,4.13,closed_residential,1,,,0,,,,1,,,0.0,64.072,40.227,158.057,-25.039,38.534,161.681,2,2,16,16,8,8,48,0,0,0,,K8_13_0:0.0,K8_12_3:6.007,K6_10_2:8.976,2
K8_13_2,building,K8_13,,river,8,2,14.015,8.009,4,1.001,8,3,0.0,0.2,3.85,closed_residential,1,,,0,,,,1,,,0.0,64.072,47.482,161.446,-25.039,45.789,165.071,3,3,12,12,0,0,24,0,0,0,,K8_13_1:0.0,K8_1_0:8.845,K6_10_1:8.978,2
K8_13_3,building,K8_13,,river,8,3,22.024,6.007,3,1.001,8,4,0.0,0.2,3.85,closed_residential,1,,,0,,,,1,,,0.0,48.056,53.831,164.413,-25.039,52.138,168.037,3,0,12,12,4,16,44,0,0,0,,K8_13_2:0.0,K8_1_0:2.838,K8_15_0:4.676,1
K8_15_0,building,K8_15,Puente_Piedra,bridge,8,0,0.0,1.847,1,0.923,6,3,0.0,0.2,0.1,closed_residential,0,,,0,,start,,0,,,0.0,11.082,61.473,173.42,46.848,63.662,175.472,0,3,3,3,9,0,15,1,1,1,,,K8_1_0:0.085,K3_7_0:9.466,0
K9_0_0,building,K9_0,Espina_Plaza,main,9,0,0.0,8.903,4,1.113,8,3,0.0,0.752,0.12,mixed_commercial,1,,,0,,,,0,,,0.0,71.224,121.959,163.333,-23.731,120.349,166.994,3,0,12,12,0,12,36,0,0,0,,K9_0_1:0.0,K9_13_4:0.0,K2_6_0:12.597,2
K9_0_1,building,K9_0,Espina_Plaza,main,9,1,8.903,8.903,4,1.113,8,3,1.2,0.91,0.36,closed_residential,1,,,0,,,,0,,,0.0,71.224,130.592,165.817,-23.731,128.982,169.479,0,3,12,12,12,0,36,0,0,0,,K9_0_0:0.0,K9_13_4:2.162,K2_4_0:8.008,2
K9_0_2,building,K9_0,Espina_Plaza,main,9,2,17.806,6.677,3,1.113,8,3,1.2,0.986,0.11,mixed_commercial,1,,,0,,,,0,,,0.0,53.416,137.723,168.952,-23.731,136.114,172.614,2,0,9,9,4,12,34,0,0,0,,K9_0_1:0.0,K9_1_0:0.0,K2_4_0:7.453,3
K9_0_3,building,K9_0,Espina_Plaza,main,9,3,24.483,4.451,2,1.113,8,3,0.0,1.191,0.33,mixed_commercial,1,,,0,,,,0,,,0.0,35.608,142.334,172.29,-23.731,140.724,175.952,0,3,6,6,12,0,24,0,0,1,,K9_0_2:0.0,K9_1_0:0.0,K7_6_0:5.046,2
K9_1_0,building,K9_1,Obispo_Escalera,steps,9,0,0.0,3.2,2,0.8,8,3,0.0,1.547,0.47,mixed_commercial,1,,,0,,,,0,,,0.0,25.6,142.828,172.54,20.923,144.256,176.277,3,0,6,6,0,12,24,0,1,1,,,K9_0_2:0.0,K7_6_0:3.432,2
K9_2_0,building,K9_2,Obispo_Bajo,secondary,9,0,7.896,7.896,4,0.987,6,3,-0.4,2.752,0.75,mixed_commercial,1,,,0,,,,0,,,0.0,47.376,148.281,163.846,65.577,151.012,165.086,3,0,12,12,0,9,33,0,0,0,,K9_2_1:0.0,K9_0_2:1.588,K7_3_0:3.759,1
K9_2_1,building,K9_2,Obispo_Bajo,secondary,9,1,15.792,7.896,4,0.987,6,3,0.0,3.207,0.48,mixed_commercial,1,,,0,,,,0,,,0.0,47.376,151.181,156.491,65.577,153.913,157.731,0,0,12,12,9,9,42,0,0,0,,K9_2_0:0.0,K9_0_2:8.959,K9_3_0:0.0,2
K9_3_0,building,K9_3,Obispo_Bajo,secondary,9,0,0.0,5.883,3,0.981,6,2,0.0,3.478,0.36,closed_residential,0,,,0,,,,0,,,0.0,35.298,157.883,150.645,10.62,158.436,153.594,0,0,6,6,6,6,24,0,0,0,,K9_3_1:0.0,K9_5_2:2.425,K9_2_1:0.0,2
K9_3_1,building,K9_3,Obispo_Bajo,secondary,9,1,5.883,5.883,3,0.981,4,4,0.0,3.816,0.42,closed_residential,0,,,0,,,,0,,,0.0,23.532,163.85,150.544,10.62,164.218,152.51,1,0,12,12,6,8,38,1,0,0,,K9_3_0:0.0,K9_5_1:0.0,K7_2_1:4.2,2
K9_5_0,wall,K9_5,Calle_Alta_E,secondary,9,0,0.0,7.079,,,,,0.0,0.0,0.0,,0,,,0,,,,0,,,0.0,4.247,,,,,,,,,,,,,0,0,0,,,,,
K9_5_1,building,K9_5,Calle_Alta_E,secondary,9,1,7.079,7.079,4,0.885,6,3,0.0,4.864,0.99,closed_residential,0,,,0,,,,0,,,0.0,42.474,168.205,146.786,139.899,170.138,144.491,0,1,12,12,9,6,39,0,0,0,,K9_5_2:0.0,K9_3_1:0.0,K13_3_6:5.728,3
K9_5_2,building,K9_5,Calle_Alta_E,secondary,9,2,14.157,7.079,4,0.885,6,2,0.0,4.81,0.76,closed_residential,0,,,0,,,,0,,,0.0,42.474,162.791,142.227,139.899,164.724,139.932,2,2,8,8,0,0,16,0,0,0,,K9_5_3:0.0,K9_3_1:1.731,K13_3_3:5.8,2
K9_5_3,building,K9_5,Calle_Alta_E,secondary,9,3,21.236,7.079,4,0.885,6,4,0.0,4.755,0.48,mixed_commercial,0,,,0,,,,0,,,0.0,42.474,157.377,137.667,139.899,159.309,135.372,2,1,16,16,6,9,47,0,0,0,,K9_5_2:0.0,K9_3_0:5.21,K13_3_1:4.609,2
K9_5_4,building,K9_5,Calle_Alta_E,secondary,9,4,28.314,7.079,4,0.885,6,2,0.0,4.7,0.13,mixed_commercial,0,,,0,,,,0,,,0.0,42.474,151.963,133.108,139.899,153.895,130.813,2,2,8,8,0,0,16,0,0,0,,K9_5_3:0.0,K9_6_0:5.087,K13_3_1:4.6,2
K9_5_5,building,K9_5,Calle_Alta_E,secondary,9,5,35.393,7.079,4,0.885,6,3,0.0,4.645,0.15,closed_residential,0,,,0,,,,0,,,0.0,42.474,146.548,128.548,139.899,148.48,126.253,2,3,12,12,3,0,27,0,0,0,,K9_5_4:0.0,K9_6_0:0.0,K13_3_0:4.6,2
K9_6_0,building,K9_6,Calle_Alta_E,secondary,9,0,0.0,10.586,5,1.059,8,2,0.0,4.572,0.14,mixed_commercial,1,,,0,,,,0,,,0.0,84.688,139.321,125.517,156.371,140.924,121.852,2,2,10,10,0,0,20,0,0,0,,K9_6_1:0.0,K9_5_5:0.0,K13_2_1:4.601,2
K9_6_1,building,K9_6,Calle_Alta_E,secondary,9,1,10.586,6.352,3,1.059,8,4,0.0,4.506,0.33,closed_residential,1,,,0,,,,0,,,0.0,50.816,131.562,122.123,156.371,133.165,118.458,2,0,12,12,8,16,48,0,0,0,,K9_6_0:0.0,K9_7_0:0.0,K13_1_0:4.6,3
K9_7_0,wall,K9_7,Calle_Alta_E,secondary,9,0,0.0,2.98,,,,,0.0,0.0,0.0,,0,,,0,,,,0,,,0.0,1.788,,,,,,,,,,,,,0,0,0,,,,,
K9_8_0,building,K9_8,Calle_Alta_E,secondary,9,0,0.0,3.942,2,0.986,4,3,0.0,4.426,0.11,closed_residential,1,,,0,,,,0,,,0.0,15.768,127.526,119.265,-132.118,126.042,117.924,0,0,6,6,6,6,24,1,1,1,,,K9_7_0:0.0,K13_1_0:4.6,3
K9_9_0,building,K9_9,Calle_Alta_E,secondary,9,0,0.0,5.298,3,0.883,8,3,0.0,4.406,1.76,closed_residential,1,,,0,,,,0,,,0.0,42.384,122.758,123.764,-170.625,122.106,119.818,0,0,9,9,12,12,42,0,0,0,,,K9_8_0:0.0,K9_7_0:3.594,2
K9_10_0,building,K9_10,Calle_Alta_C2,secondary,9,0,0.0,5.465,3,0.911,8,4,0.0,4.156,2.82,closed_residential,1,,,0,,,,0,,,0.0,43.72,114.941,121.909,144.375,117.271,118.657,0,0,12,12,16,16,56,0,0,0,,,K9_11_0:0.0,K9_12_0:3.819,2
K9_11_0,building,K9_11,Calle_Alta_C2,secondary,9,0,0.0,4.147,2,1.037,6,4,0.0,4.26,2.01,mixed_commercial,1,,,0,,,,0,,,0.0,24.882,111.5,116.23,111.393,114.294,115.135,0,0,8,8,12,12,40,0,0,1,,,K9_12_0:0.0,K9_9_0:5.465,2
K9_12_0,wall,K9_12,Calle_Alta_C2,secondary,9,0,0.0,5.649,,,,,0.0,0.0,0.0,,0,,,0,,,,0,,,0.0,3.389,,,,,,,,,,,,,0,0,0,,,,,
K9_13_0,building,K9_13,Callejon_Arco,lane,9,0,20.128,7.918,4,0.99,8,3,-0.4,1.386,0.33,closed_residential,1,,,0,,,,0,,,0.0,63.344,115.265,135.308,-81.156,111.313,135.923,0,2,12,12,12,4,40,0,0,0,,K9_13_1:0.0,K9_9_0:3.427,K10_3_2:2.369,1
K9_13_1,building,K9_13,Callejon_Arco,lane,9,1,28.046,7.918,4,0.99,8,3,-0.4,1.218,0.33,closed_residential,1,,,0,,,,0,,,0.0,63.344,116.483,143.132,-81.156,112.53,143.747,3,0,12,12,0,12,36,0,0,0,,K9_13_0:0.0,K9_9_0:10.508,K10_3_1:2.424,2
K9_13_2,building,K9_13,Callejon_Arco,lane,9,2,35.965,5.939,3,0.99,4,3,-0.4,1.072,0.31,mixed_commercial,1,,,0,,,,0,,,0.0,23.756,115.572,150.287,-81.156,113.596,150.594,3,0,9,9,0,6,24,1,0,0,,K9_13_3:0.0,K9_0_0:5.185,K10_3_0:2.478,2
K9_13_3,building,K9_13,Callejon_Arco,lane,9,3,41.904,3.959,2,0.99,8,3,0.0,0.968,0.37,closed_residential,1,,,0,,,,0,,,0.0,31.672,118.704,154.808,-81.156,114.752,155.423,0,2,6,6,12,4,28,0,1,1,,K9_13_4:0.0,K9_0_0:1.177,K10_3_0:3.137,2
K9_13_4,building,K9_13,Callejon_Arco,lane,9,4,45.863,7.918,4,0.99,8,3,0.0,0.839,0.35,closed_residential,1,,,0,,,,0,,,0.0,63.344,119.617,160.676,-81.156,115.665,161.291,3,3,12,12,0,0,24,0,0,0,,K9_13_3:0.0,K9_0_0:0.0,K10_2_0:3.365,2
K10_0_0,building,K10_0,Cantabra,secondary,10,0,0.0,3.2,2,0.8,8,3,0.0,0.413,0.11,mixed_commercial,1,,,0,,,,0,,,0.0,25.6,90.268,153.084,-36.317,87.899,156.307,3,3,6,6,0,0,12,0,1,1,,,K10_11_0:0.0,K8_3_0:3.688,2
K10_1_0,building,K10_1,Espina_Nodo,main,10,0,0.0,12.57,6,1.048,8,4,0.0,0.471,0.31,mixed_commercial,1,,,0,,,,0,,,0.0,100.56,96.345,155.183,-16.323,95.221,159.021,4,3,24,24,0,4,52,0,0,0,,K10_1_1:0.0,K10_3_0:0.0,K8_3_0:5.867,4
K10_1_1,building,K10_1,Espina_Nodo,main,10,1,12.57,8.38,4,1.048,8,3,0.0,0.586,0.14,closed_residential,1,,,0,,,,0,,,0.0,67.04,106.398,158.127,-16.323,105.273,161.965,3,3,12,12,0,0,24,0,0,0,,K10_1_0:0.0,K10_3_0:0.0,K8_3_0:18.315,3
K10_2_0,building,K10_2,Callejon_Arco,lane,10,0,0.0,3.8,2,0.95,6,3,0.0,0.777,0.35,closed_residential,1,,,0,,,,0,,,0.0,22.8,108.756,159.633,41.064,110.727,161.895,3,0,6,6,0,9,21,1,1,1,,,K10_1_1:0.0,K9_13_4:3.365,1
K10_3_0,building,K10_3,Callejon_Arco,lane,10,0,7.915,9.893,5,0.989,8,3,-0.4,1.138,0.56,closed_residential,1,,,0,,,,0,,,0.0,79.144,106.708,148.453,98.451,110.664,147.865,3,3,15,15,0,0,30,0,0,0,,K10_3_1:0.0,K10_1_0:0.0,K9_13_1:2.443,3
K10_3_1,building,K10_3,Callejon_Arco,lane,10,1,17.808,7.915,4,0.989,8,3,-0.4,1.326,0.34,closed_residential,1,,,0,,,,0,,,0.0,63.32,105.399,139.646,98.451,109.356,139.058,2,3,12,12,4,0,28,0,0,0,,K10_3_2:0.0,K10_1_0:8.186,K9_13_0:2.389,2
K10_3_2,building,K10_3,Callejon_Arco,lane,10,2,25.723,7.915,4,0.989,8,3,-0.4,1.496,0.34,closed_residential,1,,,0,,,,0,,,0.0,63.32,104.236,131.817,98.451,108.193,131.229,2,0,12,12,4,12,40,0,0,0,,K10_3_3:0.0,K10_4_1:9.851,K9_13_0:2.369,2
K10_3_3,building,K10_3,Callejon_Arco,lane,10,3,33.637,5.936,3,0.989,8,3,0.5,1.817,0.48,closed_residential,1,,,0,,,,0,,,0.0,47.488,102.328,125.1,98.451,106.285,124.512,0,0,9,9,12,12,42,0,0,0,,K10_3_4:0.0,K10_4_1:3.848,K9_10_0:4.199,2
K10_3_4,building,K10_3,Callejon_Arco,lane,10,4,39.573,3.957,2,0.989,4,3,0.0,2.564,0.73,closed_residential,1,,,0,,,,0,,,0.0,15.828,104.074,119.84,98.451,106.052,119.546,0,3,6,6,6,0,18,1,1,1,,K10_3_3:0.0,K10_4_0:0.176,K9_11_0:2.839,1
K10_4_0,building,K10_4,Calle_Alta_C,secondary,10,0,0.0,7.895,4,0.987,6,3,0.0,3.872,1.13,mixed_commercial,1,,,0,,start,,0,,,0.0,47.37,100.879,114.505,179.261,100.918,111.505,0,0,12,12,9,9,42,0,0,0,,K10_4_1:0.0,K10_3_4:0.176,K12_0_1:4.254,1
K10_4_1,building,K10_4,Calle_Alta_C,secondary,10,1,7.895,7.895,4,0.987,8,3,-0.4,3.642,0.68,closed_residential,1,,,0,,,,0,,,0.0,63.16,92.977,115.003,179.261,93.029,111.003,0,0,12,12,12,12,48,0,0,0,,K10_4_2:0.0,K10_3_3:3.848,K12_0_1:3.752,2
K10_4_2,building,K10_4,Calle_Alta_C,secondary,10,2,15.79,5.921,3,0.987,6,4,0.0,3.452,0.42,closed_residential,0,,,0,,,,0,,,0.0,35.526,86.077,114.314,179.261,86.116,111.314,0,1,12,12,12,9,45,0,0,0,,K10_4_1:0.0,K10_5_0:4.475,K12_0_1:4.135,2
K10_4_3,building,K10_4,Calle_Alta_C,secondary,10,3,21.712,5.921,3,0.987,8,2,0.0,3.27,0.32,mixed_commercial,1,,,0,,,,0,,,0.0,47.368,80.143,115.237,179.261,80.195,111.238,0,2,6,6,8,0,20,0,0,0,,K10_4_2:0.001,K10_5_0:0.0,K12_0_0:4.402,2
K10_5_0,building,K10_5,Calle_Alta_O,secondary,10,0,0.0,4.161,2,1.04,8,2,0.0,3.232,0.13,mixed_commercial,1,,,0,,,,0,,,0.0,33.288,76.018,115.542,-168.172,75.198,111.626,2,2,4,4,0,0,8,0,0,1,,K10_5_1:0.0,K10_4_3:0.0,K12_0_0:4.405,2
K10_5_1,building,K10_5,Calle_Alta_O,secondary,10,1,4.161,6.242,3,1.04,8,4,0.0,3.351,0.37,closed_residential,1,,,0,,,,0,,,0.0,49.936,70.926,116.608,-168.172,70.107,112.693,1,3,12,12,12,4,40,0,0,0,,K10_5_0:0.0,K10_4_3:2.421,K15_1_0:4.413,2
K10_5_2,building,K10_5,Calle_Alta_O,secondary,10,2,10.403,10.403,5,1.04,8,3,0.0,3.523,0.45,mixed_commercial,1,,,0,,,,0,,,0.0,83.224,62.781,118.314,-168.172,61.961,114.398,3,3,15,15,0,0,30,0,0,0,,K10_5_1:0.0,K10_6_0:1.631,K15_0_1:4.422,2
K10_5_3,building,K10_5,Calle_Alta_O,secondary,10,3,20.805,4.161,2,1.04,8,4,0.0,3.686,0.75,closed_residential,1,,,0,,,,0,,,0.0,33.288,55.654,119.806,-168.172,54.834,115.891,2,4,8,8,8,0,24,0,0,1,,K10_5_2:0.0,K10_6_0:0.0,K11_6_2:3.686,2
K10_6_0,building,K10_6,Cimavilla_Baja,lane,10,0,0.0,5.901,3,0.983,8,3,0.0,3.263,1.1,closed_residential,1,,,0,,,,0,,,0.0,47.208,52.265,121.259,-149.744,50.249,117.804,3,0,9,9,0,12,30,0,0,0,,K10_6_1:0.0,K10_5_3:0.0,K11_6_1:3.4,3
K10_6_1,building,K10_6,Cimavilla_Baja,lane,10,1,5.901,5.901,3,0.983,4,3,0.0,2.569,1.32,closed_residential,1,,,0,,,,0,,,0.0,23.604,46.16,122.505,-149.744,45.152,120.777,3,3,9,9,0,0,18,1,0,0,,K10_6_0:0.0,K10_7_0:0.0,K11_6_1:3.4,3
K10_7_0,building,K10_7,Cimavilla_Baja,lane,10,0,0.0,4.531,2,1.133,4,3,0.0,1.824,0.86,closed_residential,1,,,0,,,,0,,,0.0,18.124,43.87,125.009,-106.699,41.954,124.434,3,0,6,6,0,6,18,1,0,1,,,K10_6_1:0.0,K11_4_0:3.801,2
K10_9_0,building,K10_9,Cantabra,secondary,10,0,0.0,2.571,1,1.286,6,4,0.0,1.039,0.32,mixed_commercial,1,,,0,,,,0,,,0.0,15.426,46.142,129.162,-77.311,43.215,129.821,0,4,4,4,12,0,20,1,1,1,,,K10_10_0:0.0,K8_6_0:4.5,1
K10_10_0,building,K10_10,Cantabra,secondary,10,0,0.0,13.694,7,0.978,8,4,0.0,0.878,0.32,closed_residential,1,,,0,,,,0,,,0.0,109.552,51.393,130.337,-24.944,49.706,133.964,4,0,28,28,0,16,72,0,0,0,,K10_10_1:0.0,K10_6_0:0.0,K8_5_4:4.1,5
K10_10_1,building,K10_10,Cantabra,secondary,10,1,13.694,9.782,5,0.978,8,4,1.2,0.757,0.3,mixed_commercial,1,,,0,,,,0,,,0.0,78.256,62.542,134.199,-24.944,60.855,137.826,0,3,20,20,16,4,60,0,0,0,,K10_10_0:0.0,K10_5_2:5.367,K8_5_4:5.3,2
K10_10_2,building,K10_10,Cantabra,secondary,10,2,23.476,7.825,4,0.978,8,4,1.2,0.666,0.14,closed_residential,1,,,0,,,,0,,,0.0,62.6,70.525,137.912,-24.944,68.838,141.539,4,2,16,16,0,8,40,0,0,0,,K10_10_1:0.0,K10_5_2:11.223,K8_5_3:5.3,2
K10_10_3,building,K10_10,Cantabra,secondary,10,3,31.301,3.913,2,0.978,8,3,1.2,0.606,0.12,mixed_commercial,1,,,0,,,,0,,,0.0,31.304,75.846,140.387,-24.944,74.159,144.014,3,0,6,6,0,12,24,0,1,1,,K10_10_2:0.0,K10_11_0:7.916,K8_5_1:5.3,2
K10_10_4,building,K10_10,Cantabra,secondary,10,4,35.214,7.825,4,0.978,8,3,0.0,0.545,0.13,mixed_commercial,1,,,0,,,,0,,,0.0,62.6,80.662,143.95,-24.944,78.975,147.577,0,0,12,12,12,12,48,0,0,0,,K10_10_3:0.0,K10_11_0:0.0,K8_5_1:4.1,2
K10_11_0,building,K10_11,Cantabra,secondary,10,0,0.0,7.371,4,0.921,6,3,0.0,0.48,0.31,mixed_commercial,1,,,0,,,,0,,,0.0,44.226,87.062,150.628,-56.31,84.566,152.293,0,3,12,12,9,0,33,0,0,0,,,K10_10_4:0.0,K8_3_0:3.664,3
K11_0_0,building,K11_0,Llano,lane,11,0,0.0,5.637,3,0.939,8,3,0.0,3.002,1.12,closed_residential,1,,,0,,,,0,,,0.0,45.096,17.461,112.27,-80.538,13.515,112.927,3,2,9,9,0,4,22,0,0,0,,K11_0_1:0.0,K11_11_3:0.0,K16_2_1:4.0,2
K11_0_1,building,K11_0,Llano,lane,11,1,5.637,11.273,6,0.939,8,3,0.0,2.555,1.63,closed_residential,1,,,0,,,,0,,,0.6,90.184,18.851,120.61,-80.538,14.905,121.267,3,3,18,18,0,0,36,0,0,0,,K11_0_0:0.0,K11_1_0:0.0,K8_9_1:3.6,2
K11_1_0,building,K11_1,Callejon_Oeste,lane,11,0,0.0,13.356,7,0.954,8,2,0.0,1.138,0.31,mixed_commercial,1,,,0,,,,0,,,0.0,106.848,23.546,125.781,-23.199,21.97,129.458,2,2,14,14,0,0,28,0,0,0,,,K11_0_1:0.0,K8_8_0:3.6,2
K11_2_0,building,K11_2,Callejon_Oeste,lane,11,0,0.0,3.495,2,0.874,6,3,0.0,1.063,0.12,closed_residential,1,,,0,,,,0,,,0.0,20.97,28.921,128.712,16.699,29.783,131.586,3,0,6,6,0,9,21,1,1,1,,,K11_1_0:0.0,K8_8_0:3.6,1
K11_4_0,building,K11_4,Cimavilla_Baja,lane,11,0,0.0,3.012,2,0.753,6,3,0.0,1.263,0.35,closed_residential,1,,,0,,,,0,,,0.0,18.072,35.521,122.926,12.985,36.195,125.85,0,3,6,6,9,0,21,1,1,1,,,K11_5_0:0.0,K10_7_0:3.801,1
K11_5_0,building,K11_5,Cimavilla_Baja,lane,11,0,0.0,6.029,3,1.005,8,2,0.0,1.907,0.93,closed_residential,1,,,0,,,,0,,,0.0,48.232,34.698,121.474,73.301,38.529,122.624,2,0,6,6,0,8,20,0,0,0,,,K11_6_0:0.0,K10_6_1:3.799,2
K11_6_0,building,K11_6,Cimavilla_Baja,lane,11,0,0.0,4.17,2,1.042,6,3,0.0,2.307,0.4,closed_residential,0,,,0,,,,0,,,0.0,25.02,39.684,116.094,30.256,41.196,118.685,0,0,6,6,9,9,30,0,0,1,,K11_6_1:0.0,K11_5_0:0.0,K11_4_0:2.625,2
K11_6_1,building,K11_6,Cimavilla_Baja,lane,11,1,4.17,4.17,2,1.042,6,3,-0.4,2.769,0.48,mixed_commercial,1,,,0,,,,0,,,0.0,25.02,43.488,114.338,30.256,44.999,116.93,0,0,6,6,9,9,30,0,0,1,,K11_6_0:0.0,K11_7_0:0.0,K10_6_0:3.4,3
K11_6_2,wall,K11_6,Cimavilla_Baja,lane,11,2,8.341,4.17,,,,,0.0,0.0,0.0,,0,,,0,,,,0,,,0.0,2.502,,,,,,,,,,,,,0,0,0,,,,,
K11_7_0,building,K11_7,Fuente,lane,11,0,4.105,7.178,4,0.897,6,3,0.0,3.797,1.04,closed_residential,1,,,0,,,,0,,,0.0,43.068,42.825,109.72,131.987,45.055,107.713,0,0,12,12,9,9,42,0,0,0,,,K11_8_0:0.0,K15_16_1:3.4,2
K11_8_0,building,K11_8,Fuente,lane,11,0,0.0,9.034,5,0.903,4,3,0.0,3.875,0.14,mixed_commercial,1,,,0,,,,0,,,0.0,36.136,38.484,102.397,123.69,40.148,101.288,0,0,15,15,6,6,42,0,0,0,,,K11_9_0:0.0,K15_14_0:3.4,2
K11_9_0,building,K11_9,Fuente_Baja,lane,11,0,0.0,6.37,3,1.062,8,3,0.0,4.239,0.52,closed_residential,1,,,0,,,,0,,,0.0,50.96,32.763,96.004,111.171,36.493,94.559,0,0,9,9,12,12,42,0,0,0,,K11_9_1:0.0,K11_8_0:0.0,K15_14_0:3.097,2
K11_9_1,building,K11_9,Fuente_Baja,lane,11,1,6.37,4.247,2,1.062,6,2,1.2,4.644,0.55,closed_residential,1,,,0,,,,0,,,0.0,25.482,30.659,91.126,111.171,33.457,90.042,0,0,4,4,6,6,20,0,0,1,,K11_9_2:0.0,K11_11_1:0.0,K15_13_3:4.307,3
K11_9_2,building,K11_9,Fuente_Baja,lane,11,2,10.617,4.247,2,1.062,4,3,-0.4,4.966,0.41,closed_residential,1,,,0,,,,0,,,0.0,16.988,31.55,86.226,111.171,33.415,85.504,0,0,6,6,6,6,24,1,0,1,,K11_9_3:0.0,K11_11_1:0.0,K15_13_3:2.753,3
K11_9_3,building,K11_9,Fuente_Baja,lane,11,3,14.864,4.247,2,1.062,4,2,0.0,5.288,0.43,closed_residential,1,,,0,,,,0,,,0.0,16.988,29.643,82.41,111.171,31.508,81.688,0,2,4,4,4,0,12,1,0,1,,K11_9_2:0.0,K11_11_1:0.0,K15_13_1:3.551,2
K11_10_0,building,K11_10,Fuente_Baja,lane,11,0,0.0,3.8,2,0.95,4,3,0.0,6.163,0.69,closed_residential,1,,,0,,,,0,,,0.0,15.2,25.868,73.873,-177.329,25.775,71.876,0,3,6,6,6,0,18,1,1,1,,,K11_11_0:0.0,K15_13_0:3.336,1
K11_11_0,building,K11_11,Llano,lane,11,0,0.0,10.444,5,1.044,4,2,0.0,5.589,0.68,closed_residential,1,,,0,,,,0,,,0.0,41.776,24.377,77.534,-105.829,22.453,76.988,2,0,10,10,0,4,24,0,0,0,,K11_11_1:0.0,K11_10_0:0.0,K16_3_3:3.748,2
K11_11_1,building,K11_11,Llano,lane,11,1,10.444,6.266,3,1.044,8,2,0.5,4.899,0.51,closed_residential,1,,,0,,,,0,,,0.0,50.128,24.503,86.254,-105.829,20.655,85.163,0,0,6,6,8,8,28,0,0,0,,K11_11_0:0.0,K11_9_3:0.0,K16_3_2:4.223,5
K11_11_2,building,K11_11,Llano,lane,11,2,16.71,10.444,5,1.044,8,2,0.0,4.358,0.52,closed_residential,1,,,0,,,,0,,,0.0,83.552,21.743,94.155,-105.829,17.895,93.064,0,0,10,10,8,8,36,0,0,0,,K11_11_1:0.0,K11_9_1:0.079,K16_3_1:3.681,2
K11_11_3,building,K11_11,Llano,lane,11,3,27.155,12.533,6,1.044,4,2,0.0,3.754,0.87,closed_residential,1,,,0,,,,0,,,0.0,50.132,16.685,104.664,-105.829,14.761,104.118,0,2,12,12,4,0,28,0,0,0,,K11_11_2:0.001,K11_0_0:0.0,K16_3_1:3.669,2
K12_0_0,building,K12_0,Calle_Alta_C,secondary,12,0,0.0,10.322,5,1.032,8,3,0.0,3.345,0.38,mixed_commercial,1,,,0,,,,0,,,0.0,82.576,82.614,102.8,-0.001,82.614,106.8,3,0,15,15,0,12,42,0,0,0,,K12_0_1:0.0,K12_3_0:0.0,K10_4_1:4.353,3
K12_0_1,building,K12_0,Calle_Alta_C,secondary,12,1,10.322,12.387,6,1.032,4,2,-0.4,3.668,0.42,closed_residential,1,,,0,,,,0,,,0.0,49.548,93.969,105.2,-0.001,93.968,107.2,0,0,12,12,4,4,32,0,0,0,,K12_0_0:0.0,K14_0_1:3.843,K10_4_1:3.752,2
K12_0_2,wall,K12_0,Calle_Alta_C,secondary,12,2,22.709,4.129,,,,,0.0,0.0,0.0,,0,,,0,,,,0,,,0.0,2.477,,,,,,,,,,,,,0,0,0,,,,,
K12_1_0,wall,K12_1,Calle_Alta_C2,secondary,12,0,0.0,7.069,,,,,0.0,0.0,0.0,,0,,,0,,,,0,,,0.0,4.241,,,,,,,,,,,,,0,0,0,,,,,
K12_3_0,building,K12_3,Solana_Terraza,lane,12,0,13.378,7.645,4,0.956,4,2,0.0,6.189,2.06,closed_residential,1,,,0,,end,,0,,,0.0,30.58,75.198,96.188,164.745,75.725,94.258,0,0,8,8,4,4,24,0,0,0,,,K12_0_0:0.0,K15_4_0:3.129,1
K12_5_0,building,K12_5,Solana_Acceso,lane,12,0,6.089,4.059,2,1.015,8,3,0.0,3.25,0.14,closed_residential,1,,,0,,,,0,,,0.0,32.472,79.094,102.625,-48.367,76.105,105.283,0,3,6,6,12,0,24,0,0,1,,,K12_0_0:0.0,K15_1_0:4.101,1
K13_0_0,building,K13_0,San_Pedro,secondary,13,0,0.0,3.794,2,0.949,4,2,0.0,4.569,0.35,closed_residential,1,,,0,,,,0,,,0.0,15.176,129.778,109.566,-71.494,127.881,110.201,0,2,4,4,4,0,12,1,1,1,,,K13_8_4:0.0,K14_3_0:4.2,2
K13_1_0,building,K13_1,Calle_Alta_E,secondary,13,0,0.0,3.362,2,0.841,8,2,0.0,4.474,0.11,mixed_commercial,1,,,0,,,,0,,,0.0,26.896,131.084,108.527,-14.037,130.114,112.408,2,0,4,4,0,8,16,0,1,1,,,K13_8_4:0.0,K9_7_0:4.4,3
K13_2_0,building,K13_2,Calle_Alta_E,secondary,13,0,0.0,9.995,5,0.999,8,2,0.0,4.517,0.14,mixed_commercial,1,,,0,,,,0,,,0.0,79.96,137.927,111.153,-23.629,136.323,114.818,0,0,10,10,8,8,36,0,0,0,,K13_2_1:0.0,K13_1_0:0.0,K9_7_0:4.404,2
K13_2_1,building,K13_2,Calle_Alta_E,secondary,13,1,9.995,7.996,4,1.0,6,4,0.0,4.587,0.13,closed_residential,0,,,0,,,,0,,,0.0,47.976,145.767,115.675,-23.629,144.565,118.424,1,0,16,16,9,12,53,0,0,0,,K13_2_0:0.0,K13_3_0:0.0,K9_5_5:4.6,2
K13_3_0,building,K13_3,Calle_Alta_E,secondary,13,0,0.0,6.232,3,1.039,8,2,0.0,4.637,0.12,closed_residential,1,,,0,,,,0,,,0.0,49.856,153.187,118.974,-40.101,150.61,122.033,0,0,6,6,8,8,28,0,0,0,,K13_3_1:0.0,K13_2_1:0.0,K9_5_5:4.6,2
K13_3_1,building,K13_3,Calle_Alta_E,secondary,13,1,6.232,8.31,4,1.039,6,3,0.0,4.693,0.13,closed_residential,0,,,0,,,,0,,,0.0,49.86,158.105,124.422,-40.101,156.172,126.717,1,0,12,12,6,9,39,0,0,0,,K13_3_0:0.0,K13_2_1:6.231,K9_5_5:4.6,2
K13_3_2,building,K13_3,Calle_Alta_E,secondary,13,2,14.542,6.232,3,1.039,8,3,1.2,4.749,0.12,mixed_commercial,1,,,0,,,,0,,,0.0,49.856,165.083,127.423,-40.101,162.507,130.482,0,3,9,9,12,0,30,0,0,0,,K13_3_1:0.0,K13_2_1:14.591,K9_5_3:5.8,2
K13_3_3,building,K13_3,Calle_Alta_E,secondary,13,3,20.774,6.232,3,1.039,8,3,1.2,4.798,0.12,closed_residential,1,,,0,,,,0,,,0.0,49.856,169.85,131.437,-40.101,167.274,134.497,3,3,9,9,0,0,18,0,0,0,,K13_3_2:0.0,K13_2_1:20.808,K9_5_3:5.8,2
K13_3_4,building,K13_3,Calle_Alta_E,secondary,13,4,27.007,6.232,3,1.039,8,3,1.2,4.846,0.12,closed_residential,1,,,0,,,,0,,,0.0,49.856,174.618,135.452,-40.101,172.041,138.512,3,3,9,9,0,0,18,0,0,0,,K13_3_5:0.0,K13_4_0:15.823,K9_5_2:5.8,2
K13_3_5,building,K13_3,Calle_Alta_E,secondary,13,5,33.239,6.232,3,1.039,8,3,1.2,4.894,0.12,closed_residential,1,,,0,,,,0,,,0.0,49.856,179.385,139.466,-40.101,176.808,142.526,3,0,9,9,0,12,30,0,0,0,,K13_3_4:0.0,K13_4_0:9.591,K9_5_0:5.6,2
K13_3_6,building,K13_3,Calle_Alta_E,secondary,13,6,39.471,6.232,3,1.039,6,3,0.0,4.932,0.13,mixed_commercial,0,,,0,,,,0,,,0.0,37.392,182.735,145.163,-40.101,180.802,147.458,0,3,9,9,9,0,27,0,0,0,,K13_3_5:0.0,K13_4_0:3.359,K9_5_0:4.4,2
K13_3_7,building,K13_3,Calle_Alta_E,secondary,13,7,45.704,4.155,2,1.039,8,4,0.0,4.978,0.12,closed_residential,1,,,0,,,,0,,,0.0,33.24,187.352,147.744,-40.101,184.775,150.804,0,4,8,8,16,0,32,0,0,1,,K13_3_6:0.001,K13_4_0:0.0,K7_0_1:4.631,2
K13_4_0,building,K13_4,Calle_Alta_Salida,secondary,13,0,0.0,7.473,4,0.934,6,4,0.0,5.0,0.1,closed_residential,1,,,0,,,,0,,,0.0,44.838,191.127,151.617,-32.471,189.516,154.148,4,4,16,16,0,0,32,0,0,0,,,K13_3_7:0.0,K7_0_1:4.614,2
K13_5_0,building,K13_5,Calle_Alta_Salida,secondary,13,0,0.0,3.8,2,0.95,4,3,0.0,5.0,0.1,mixed_commercial,1,,,0,,,,0,,,0.0,15.2,193.372,153.486,28.764,194.335,155.24,3,3,6,6,0,0,12,1,1,1,,,K13_4_0:0.0,K7_0_1:4.615,1
K13_7_0,wall,K13_7,San_Pedro_Salida,secondary,13,0,0.0,3.8,,,,,0.0,0.0,0.0,,0,,,0,,,,0,,,0.0,2.28,,,,,,,,,,,,,0,0,0,,,,,
K13_8_0,wall,K13_8,San_Pedro,secondary,13,0,0.0,26.218,,,,,0.0,0.0,0.0,,0,,,0,,,,0,,,0.0,15.731,,,,,,,,,,,,,0,0,0,,,,,
K13_8_1,building,K13_8,San_Pedro,secondary,13,1,26.218,10.0,5,1.0,8,3,0.0,10.128,0.14,closed_residential,0,,,1,old,,,0,,,0.0,80.0,176.328,52.167,-128.023,173.177,49.703,0,0,15,15,12,12,54,0,0,0,,K13_8_0:0.0,K13_7_0:25.84,K16_12_0:3.01,2
K13_8_2,wall,K13_8,San_Pedro,secondary,13,2,36.218,28.488,,,,,0.0,0.0,0.0,,0,,,0,,,,0,,,0.0,17.093,,,,,,,,,,,,,0,0,0,,,,,
K13_8_3,building,K13_8,San_Pedro,secondary,13,3,64.705,10.0,5,1.0,8,3,0.0,7.68,0.84,closed_residential,0,,,1,old,,,0,,,0.0,80.0,152.621,82.486,-128.023,149.47,80.022,0,0,15,15,12,12,54,0,0,0,,K13_8_2:0.0,K13_2_0:22.316,K14_3_5:3.711,2
K13_8_4,wall,K13_8,San_Pedro,secondary,13,4,74.705,31.026,,,,,0.0,0.0,0.0,,0,,,0,,,,0,,,0.0,18.616,,,,,,,,,,,,,0,0,0,,,,,
K14_0_0,building,K14_0,Solana_Bajada,lane,14,0,0.0,5.81,3,0.968,6,3,0.0,6.164,0.42,closed_residential,0,,,0,,,,0,,,0.0,34.86,96.09,93.067,-26.565,94.748,95.75,0,0,9,9,9,9,36,0,0,0,,K14_0_1:0.0,K14_13_2:0.0,K12_0_1:6.151,2
K14_0_1,building,K14_0,Solana_Bajada,lane,14,1,5.81,7.747,4,0.968,8,2,-0.4,5.764,0.47,closed_residential,1,,,0,,,,0,,,0.0,61.976,102.421,95.562,-26.565,100.632,99.139,0,2,8,8,8,0,24,0,0,0,,K14_0_0:0.0,K14_13_2:5.81,K12_0_1:3.843,2
K14_0_2,building,K14_0,Solana_Bajada,lane,14,2,13.557,7.747,4,0.968,8,3,-0.4,5.269,0.88,closed_residential,1,,,0,,,,0,,,0.0,61.976,109.35,99.026,-26.565,107.561,102.604,2,0,12,12,4,12,40,0,0,0,,K14_0_1:0.0,K14_1_0:0.0,K12_1_0:3.376,3
K14_0_3,building,K14_0,Solana_Bajada,lane,14,3,21.304,5.81,3,0.968,6,3,0.0,4.924,0.52,closed_residential,1,,,0,,,,0,,,0.0,34.86,115.145,102.594,-26.565,113.803,105.277,0,3,9,9,9,0,27,0,0,0,,K14_0_2:0.0,K14_3_0:0.0,K12_1_0:3.413,3
K14_1_0,building,K14_1,Solana_Bajada,lane,14,0,0.0,3.923,2,0.981,8,4,0.0,4.604,0.11,closed_residential,1,,,0,,,,0,,,0.0,31.384,116.67,102.13,22.679,118.212,105.821,4,0,8,8,0,16,32,0,1,1,,,K14_3_0:0.0,K9_12_0:7.024,4
K14_2_0,building,K14_2,San_Pedro,secondary,14,0,0.0,4.112,2,1.028,6,3,0.0,4.631,0.13,mixed_commercial,1,,,0,,,,0,,,0.0,24.672,122.496,102.4,-8.47,122.055,105.367,0,3,6,6,9,0,21,0,0,1,,,K14_3_0:0.0,K13_0_0:4.201,2
K14_3_0,building,K14_3,San_Pedro,secondary,14,0,0.0,6.096,3,1.016,8,3,0.0,5.036,0.6,closed_residential,1,,Casona_Plazuela,1,old,,,0,,,0.0,48.768,122.933,100.776,50.597,126.024,103.315,3,3,9,9,0,0,18,0,0,0,,K14_3_1:0.0,K14_1_0:0.0,K13_8_4:3.849,4
K14_3_1,building,K14_3,San_Pedro,secondary,14,1,6.096,7.895,4,0.987,8,3,0.0,5.469,0.63,mixed_commercial,1,,,0,,,,0,,,0.0,63.16,127.374,95.37,50.597,130.464,97.909,2,0,12,12,4,12,40,0,0,0,,K14_3_2:0.0,K14_2_0:0.95,K13_8_4:3.658,2
K14_3_2,building,K14_3,San_Pedro,secondary,14,2,13.991,7.995,4,0.999,8,2,-0.4,5.962,0.51,closed_residential,1,,,0,,,,0,,,0.0,63.96,132.726,89.485,50.597,135.817,92.024,0,0,8,8,8,8,32,0,0,0,,K14_3_3:0.0,K14_2_0:8.845,K13_8_4:3.066,2
K14_3_3,building,K14_3,San_Pedro,secondary,14,3,21.985,5.996,3,0.999,6,4,0.0,6.395,0.44,closed_residential,0,,,0,,,,0,,,0.0,35.976,137.63,84.461,50.597,139.948,86.366,0,0,12,12,12,12,48,0,0,0,,K14_3_4:0.0,K14_2_0:16.839,K13_8_4:3.321,2
K14_3_4,building,K14_3,San_Pedro,secondary,14,4,27.981,7.995,4,0.999,8,3,0.5,7.222,0.72,mixed_commercial,1,,,0,,,,0,,,0.0,63.96,140.911,78.104,50.597,144.002,80.643,0,0,12,12,12,12,48,0,0,0,,K14_3_5:0.0,K14_4_0:12.408,K13_8_4:3.752,2
K14_3_5,building,K14_3,San_Pedro,secondary,14,5,35.976,7.995,4,0.999,8,3,0.5,8.162,0.72,mixed_commercial,1,,,0,,,,0,,,0.0,63.96,145.986,71.926,50.597,149.077,74.465,2,0,12,12,4,12,40,0,0,0,,K14_3_6:0.0,K14_4_0:4.413,K13_8_2:3.436,2
K14_3_6,building,K14_3,San_Pedro,secondary,14,6,43.971,9.993,5,0.999,6,3,0.0,9.804,1.42,closed_residential,0,,,0,,end,,0,,,0.55,59.958,152.854,65.929,50.597,155.172,67.833,0,0,15,15,9,9,48,0,0,0,,K14_3_5:0.0,K14_4_0:0.048,K13_8_2:2.696,2
K14_4_0,building,K14_4,Ronda_Mirador,lane,14,0,6.034,7.569,4,0.946,6,3,0.0,10.113,0.62,closed_residential,0,,,0,,,,0,,,0.0,45.414,149.138,59.427,136.736,151.194,57.243,3,3,12,12,0,0,24,0,0,0,,K14_4_1:0.0,K14_3_6:0.048,K16_11_1:3.6,2
K14_4_1,building,K14_4,Ronda_Mirador,lane,14,1,13.603,7.569,4,0.946,6,3,0.0,10.186,0.14,closed_residential,0,,,0,,,,0,,,0.0,45.414,143.626,54.24,136.736,145.682,52.055,2,3,12,12,3,0,27,0,0,0,,K14_4_0:0.0,K14_5_0:0.0,K16_11_0:3.6,2
K14_5_0,building,K14_5,Ronda_Mirador,lane,14,0,0.0,5.281,3,0.88,6,3,0.0,10.251,0.14,closed_residential,0,,,0,,,,0,,,0.0,31.686,139.154,50.781,150.642,140.625,48.166,3,3,9,9,0,0,18,0,0,0,,,K14_6_0:0.0,K16_11_0:3.6,2
K14_6_0,building,K14_6,,plaza,14,0,0.0,2.261,1,1.131,4,3,0.0,10.4,0.35,lodging,0,,,0,,start,,0,,,0.0,9.044,136.266,46.621,-109.983,134.387,45.937,0,0,3,3,6,6,18,1,1,1,,,K14_5_0:0.0,K14_7_0:0.0,2
K14_7_0,building,K14_7,,plaza,14,0,0.0,5.71,3,0.952,8,3,0.0,10.4,0.32,mixed_commercial,1,,,0,,,,0,,,0.0,45.68,130.608,50.556,171.87,131.174,46.596,0,3,9,9,12,0,30,0,0,0,,K14_7_1:0.0,K14_5_0:2.089,K14_6_0:0.0,2
K14_7_1,building,K14_7,,plaza,14,1,5.71,9.516,5,0.952,8,3,0.0,10.4,0.5,lodging,1,,,0,,,,0,,,0.0,76.128,123.072,49.479,171.87,123.637,45.52,3,3,15,15,0,0,30,0,0,0,,K14_7_0:0.0,K14_8_0:0.0,K15_10_0:3.617,3
K14_8_0,building,K14_8,Subida_Mirador,lane,14,0,0.0,4.317,2,1.079,8,3,0.0,10.275,0.38,closed_residential,1,,,0,,,,0,,,0.0,34.536,118.519,49.374,-156.801,116.943,45.697,3,3,6,6,0,0,12,0,0,1,,,K14_7_1:0.0,K15_7_3:3.6,2
K14_9_0,building,K14_9,Subida_Mirador,lane,14,0,0.0,4.296,2,1.074,6,3,0.0,10.145,0.13,closed_residential,1,,,0,,,,0,,,0.0,25.776,115.265,50.224,-139.635,113.322,47.938,3,1,6,6,0,6,18,0,0,1,,K14_9_1:0.0,K14_8_0:0.0,K15_7_3:3.6,3
K14_9_1,building,K14_9,Subida_Mirador,lane,14,1,4.296,6.444,3,1.074,8,2,0.0,10.067,0.15,closed_residential,1,,,0,,,,0,,,0.0,51.552,111.821,54.464,-139.635,109.231,51.416,0,0,6,6,8,8,28,0,0,0,,K14_9_0:0.0,K14_8_0:1.935,K15_7_2:3.2,2
K14_9_2,building,K14_9,Subida_Mirador,lane,14,2,10.74,4.296,2,1.074,6,3,-0.4,9.989,0.31,mixed_commercial,1,,,0,,,,0,,,0.0,25.776,106.823,56.875,-139.635,104.88,54.589,0,0,6,6,9,9,30,0,0,1,,K14_9_1:0.0,K14_8_0:8.624,K15_7_1:2.8,2
K14_9_3,building,K14_9,Subida_Mirador,lane,14,3,15.036,6.444,3,1.074,8,3,0.5,9.912,0.33,closed_residential,1,,,0,,,,0,,,0.0,51.552,103.962,61.801,-139.635,101.371,58.753,0,0,9,9,12,12,42,0,0,0,,K14_9_2:0.0,K14_10_0:4.325,K15_7_1:3.7,2
K14_9_4,building,K14_9,Subida_Mirador,lane,14,4,21.48,4.296,2,1.074,6,3,0.0,9.83,0.13,closed_residential,0,,,0,,,,0,,,0.0,25.776,98.899,64.135,-139.635,96.956,61.85,0,0,6,6,9,9,30,0,0,1,,K14_9_3:0.0,K14_10_0:0.0,K15_7_0:3.6,2
K14_10_0,building,K14_10,Solana_Baja,lane,14,0,0.0,8.073,4,1.009,8,3,0.0,9.519,0.62,closed_residential,1,,,0,,,,0,,,0.0,64.584,93.497,68.624,-153.435,91.709,65.046,0,0,12,12,12,12,48,0,0,0,,K14_10_1:0.0,K14_9_4:0.0,K15_6_2:3.4,2
K14_10_1,building,K14_10,Solana_Baja,lane,14,1,8.073,12.11,6,1.009,6,2,0.0,8.623,1.19,closed_residential,1,,,0,,,,0,,,0.0,72.66,84.024,72.242,-153.435,82.683,69.559,0,0,12,12,6,6,36,0,0,0,,K14_10_0:0.0,K14_12_0:3.767,K15_6_2:3.4,1
K14_12_0,building,K14_12,Solana_Baja,lane,14,0,0.0,4.046,2,1.012,8,2,0.0,6.86,0.77,closed_residential,1,,,0,,,,0,,,0.0,32.368,76.7,83.424,-90.0,72.7,83.424,0,1,4,4,8,4,20,0,0,1,,K14_12_1:0.0,K14_13_0:0.0,K15_5_0:3.4,3
K14_12_1,building,K14_12,Solana_Baja,lane,14,1,4.046,4.046,2,1.012,8,2,0.0,6.478,0.52,mixed_commercial,1,,,0,,,,0,,,0.0,32.368,76.7,87.47,-90.0,72.7,87.47,2,2,4,4,0,0,8,0,0,1,,K14_12_0:0.0,K14_13_0:0.0,K15_4_0:3.4,3
K14_13_0,building,K14_13,Solana_Terraza,lane,14,0,0.0,6.691,3,1.115,8,2,0.0,6.2,0.1,closed_residential,1,,,0,,,,0,,,0.0,53.528,76.93,86.444,-14.297,75.942,90.32,2,0,6,6,0,8,20,0,0,0,,K14_13_1:0.0,K14_12_0:0.0,K15_4_0:3.4,3
K14_13_1,building,K14_13,Solana_Terraza,lane,14,1,6.691,4.46,2,1.115,8,2,1.2,6.2,0.1,closed_residential,1,,,0,,,,0,,,0.0,35.68,82.629,86.658,-14.297,81.641,90.534,0,0,4,4,8,8,24,0,0,1,,K14_13_0:0.0,K14_12_0:0.0,K12_3_0:5.112,4
K14_13_2,building,K14_13,Solana_Terraza,lane,14,2,11.151,8.921,4,1.115,8,2,0.0,6.2,0.1,closed_residential,1,,,0,,,,0,,,0.0,71.368,88.816,89.473,-14.297,87.828,93.349,0,0,8,8,8,8,32,0,0,0,,K14_13_1:0.0,K14_0_0:0.0,K12_3_0:5.085,2
K15_0_0,building,K15_0,Calle_Alta_O,secondary,15,0,0.0,10.444,5,1.044,8,2,0.0,3.587,0.42,closed_residential,1,,,0,,,,0,,,0.0,83.552,57.505,106.708,11.692,58.316,110.625,2,0,10,10,0,8,28,0,0,0,,K15_0_1:0.0,K15_16_1:0.0,K11_6_2:3.473,2
K15_0_1,building,K15_0,Calle_Alta_O,secondary,15,1,10.444,6.266,3,1.044,6,4,0.0,3.409,0.33,closed_residential,1,,,0,,,,0,,,0.0,37.596,65.889,105.994,11.692,66.497,108.932,2,4,12,12,6,0,30,0,0,0,,K15_0_0:0.0,K15_1_0:0.0,K10_5_1:4.413,2
K15_1_0,building,K15_1,Solana_Acceso,lane,15,0,0.0,3.8,2,0.95,6,3,0.0,3.301,0.1,closed_residential,1,,,0,,,,0,,,0.0,22.8,67.315,105.55,71.663,70.163,106.493,3,3,6,6,0,0,12,1,1,1,,,K15_0_1:0.0,K12_5_0:4.101,1
K15_3_0,building,K15_3,Solana_Escalera,steps,15,0,0.0,5.562,3,0.927,6,2,0.0,3.821,0.67,closed_residential,0,,,0,,,,0,,,0.0,33.372,64.964,97.419,77.471,67.892,98.07,0,0,6,6,6,6,24,0,0,0,,K15_3_1:0.0,K15_0_1:1.817,K15_1_0:2.452,1
K15_3_1,building,K15_3,Solana_Escalera,steps,15,1,5.562,3.708,2,0.927,8,3,0.0,5.383,0.85,closed_residential,1,,,0,,,,0,,,0.0,29.664,64.993,92.678,77.471,68.898,93.546,0,3,6,6,12,0,24,0,1,1,,K15_3_0:0.0,K15_4_0:0.0,K12_3_0:2.863,2
K15_4_0,building,K15_4,Solana_Baja,lane,15,0,0.0,6.682,3,1.114,8,3,0.0,6.388,1.18,closed_residential,1,,,0,,,,0,,,0.0,53.456,65.3,88.394,90.0,69.3,88.394,3,0,9,9,0,12,30,0,0,0,,K15_4_1:0.0,K15_3_1:0.0,K12_3_0:3.129,2
K15_4_1,building,K15_4,Solana_Baja,lane,15,1,6.682,4.455,2,1.114,6,2,0.0,6.912,0.71,closed_residential,1,,,0,,,,0,,,0.0,26.73,66.3,82.826,90.0,69.3,82.826,2,0,4,4,0,6,14,0,0,1,,K15_4_0:0.0,K15_5_0:0.0,K14_12_0:3.4,2
K15_5_0,building,K15_5,Solana_Baja,lane,15,0,0.0,6.074,3,1.012,6,3,0.0,7.301,0.48,closed_residential,1,,,0,,,,0,,,0.0,36.444,67.975,76.541,63.435,70.658,77.883,0,2,9,9,9,3,30,0,0,0,,K15_5_1:0.0,K15_4_1:0.0,K14_12_0:3.4,2
K15_5_1,building,K15_5,Solana_Baja,lane,15,1,6.074,6.074,3,1.012,6,2,0.0,7.831,0.51,closed_residential,1,,,0,,,,0,,taller,0.0,36.444,70.691,71.108,63.435,73.375,72.45,2,0,6,6,0,6,18,0,0,0,,K15_5_0:0.0,K15_6_0:0.001,K14_10_1:3.4,2
K15_6_0,building,K15_6,Solana_Baja,lane,15,0,0.0,5.473,3,0.912,8,2,0.0,8.235,0.44,closed_residential,1,,,0,,,,0,,,0.0,43.784,75.392,64.931,26.565,77.181,68.509,0,0,6,6,8,8,28,0,0,0,,K15_6_1:0.0,K15_5_1:0.001,K14_10_1:3.4,2
K15_6_1,building,K15_6,Solana_Baja,lane,15,1,5.473,7.297,4,0.912,8,2,1.2,8.792,0.57,closed_residential,1,,,0,,,,0,,,0.0,58.376,80.566,61.003,26.565,82.355,64.58,0,0,8,8,8,8,32,0,0,0,,K15_6_0:0.0,K15_5_1:5.604,K14_10_1:4.6,2
K15_6_2,building,K15_6,Solana_Baja,lane,15,2,12.769,7.297,4,0.912,8,2,0.0,9.44,0.58,closed_residential,1,,,0,,,,0,,,0.0,58.376,87.628,58.813,26.565,89.417,62.391,0,2,8,8,8,0,24,0,0,0,,K15_6_1:0.0,K15_7_0:0.0,K14_10_0:3.4,2
K15_7_0,building,K15_7,Subida_Mirador,lane,15,0,0.0,6.68,3,1.113,6,2,0.0,9.842,0.39,closed_residential,0,,,0,,,,0,,,0.0,40.08,93.283,56.31,40.365,95.226,58.596,2,0,6,6,0,6,18,0,0,0,,K15_7_1:0.0,K15_6_2:0.0,K14_10_0:3.4,2
K15_7_1,building,K15_7,Subida_Mirador,lane,15,1,6.68,6.68,3,1.113,6,3,-0.4,9.942,0.33,mixed_commercial,1,,,0,,,,0,,,0.0,40.08,98.632,52.289,40.365,100.575,54.574,0,3,9,9,9,0,27,0,0,0,,K15_7_0:0.0,K15_6_2:5.152,K14_9_2:2.8,2
K15_7_2,building,K15_7,Subida_Mirador,lane,15,2,13.361,6.68,3,1.113,6,3,-0.4,10.039,0.15,closed_residential,1,,,0,,,,0,,,0.0,40.08,103.722,47.962,40.365,105.665,50.247,2,0,9,9,3,9,30,0,0,0,,K15_7_3:0.0,K15_10_1:8.786,K14_9_2:2.8,2
K15_7_3,building,K15_7,Subida_Mirador,lane,15,3,20.041,6.68,3,1.113,6,3,0.0,10.135,0.15,closed_residential,1,,,0,,,,0,,,0.0,40.08,108.553,43.331,40.365,110.496,45.616,0,0,9,9,9,9,36,0,0,0,,K15_7_2:0.0,K15_10_1:2.271,K14_9_1:3.6,1
K15_9_0,building,K15_9,Subida_Mirador,lane,15,0,0.0,3.8,2,0.95,6,3,0.0,10.368,0.55,closed_residential,0,,,0,,,,0,,,0.0,22.8,117.551,38.159,85.087,120.54,38.416,3,3,6,6,0,0,12,1,1,1,,,K15_10_0:0.0,K16_7_0:4.093,1
K15_10_0,building,K15_10,Ronda_Huertas,lane,15,0,0.0,7.938,4,0.992,6,3,0.0,10.064,0.37,closed_residential,0,,,0,,,,0,,,0.0,47.628,115.739,36.875,146.976,117.374,34.36,3,1,12,12,0,6,30,0,0,0,,K15_10_1:0.0,K15_9_0:0.0,K16_6_0:3.601,2
K15_10_1,building,K15_10,Ronda_Huertas,lane,15,1,7.938,7.938,4,0.992,6,2,0.0,9.831,0.48,closed_residential,0,,,0,,,,0,,,0.0,47.628,109.084,32.549,146.976,110.719,30.034,2,2,8,8,0,0,16,0,0,0,,K15_10_0:0.0,K15_11_0:0.0,K16_6_0:3.601,2
K15_11_0,building,K15_11,Ronda_Huertas,lane,15,0,0.0,8.007,4,1.001,6,3,0.0,9.567,0.37,closed_residential,0,,,0,,,,0,,,0.0,48.042,103.236,30.656,176.987,103.394,27.661,3,2,12,12,0,3,27,0,0,0,,K15_11_1:0.0,K15_10_1:0.0,K16_6_0:3.6,2
K15_11_1,building,K15_11,Ronda_Huertas,lane,15,1,8.007,10.009,5,1.001,6,3,0.0,9.303,0.51,closed_residential,0,,,0,,,,0,,,0.0,60.054,94.241,30.183,176.987,94.398,27.187,3,3,15,15,0,0,30,0,0,0,,K15_11_0:0.0,K15_12_0:0.0,K16_4_4:3.561,2
K15_12_0,building,K15_12,Ronda_Huertas,lane,15,0,0.0,6.079,3,1.013,8,2,0.0,9.037,0.34,closed_residential,1,,,0,,,,0,,,0.0,48.632,88.653,31.892,-151.332,86.734,28.382,2,0,6,6,0,8,20,0,0,0,,K15_12_1:0.0,K15_11_1:0.0,K16_4_4:3.561,2
K15_12_1,building,K15_12,Ronda_Huertas,lane,15,1,6.079,10.132,5,1.013,8,2,1.2,8.799,0.4,closed_residential,1,,,0,,,,0,,,0.0,81.056,82.117,36.833,-151.332,80.198,33.323,0,0,10,10,8,8,36,0,0,0,,K15_12_2:0.0,K15_11_1:2.928,K16_4_2:4.766,2
K15_12_2,building,K15_12,Ronda_Huertas,lane,15,2,16.211,8.106,4,1.013,8,3,0.5,8.532,0.38,closed_residential,1,,,0,,,,0,,,0.0,64.848,73.78,40.594,-151.332,71.861,37.084,0,0,12,12,12,12,48,0,0,0,,K15_12_1:0.0,K15_11_1:13.06,K16_4_2:4.067,2
K15_12_3,building,K15_12,Ronda_Huertas,lane,15,3,24.317,8.106,4,1.013,8,2,1.0,8.291,0.37,mixed_commercial,1,,,0,,,,0,,,0.0,64.848,66.907,44.921,-151.332,64.988,41.411,0,2,8,8,8,0,24,0,0,0,,K15_12_2:0.0,K15_6_1:12.532,K16_4_2:4.571,2
K15_12_4,building,K15_12,Ronda_Huertas,lane,15,4,32.422,8.106,4,1.013,8,3,1.0,8.053,0.37,mixed_commercial,1,,,0,,,,0,,,0.0,64.848,59.796,48.809,-151.332,57.877,45.3,2,2,12,12,4,4,32,0,0,0,,K15_12_3:0.0,K15_6_1:13.428,K16_4_2:4.574,2
K15_12_5,building,K15_12,Ronda_Huertas,lane,15,5,40.528,8.106,4,1.013,8,3,1.0,7.815,0.37,closed_residential,1,,,0,,,,0,,,0.0,64.848,52.684,52.698,-151.332,50.765,49.188,3,1,12,12,0,8,32,0,0,0,,K15_12_4:0.0,K15_6_0:15.429,K16_4_2:4.577,2
K15_12_6,building,K15_12,Ronda_Huertas,lane,15,6,48.634,10.132,5,1.013,8,2,1.0,7.547,0.72,closed_residential,1,,,0,,,,0,,,0.0,81.056,44.682,57.072,-151.332,42.763,53.563,2,0,10,10,0,8,28,0,0,0,,K15_12_5:0.0,K15_13_0:7.076,K16_4_0:4.585,2
K15_12_7,building,K15_12,Ronda_Huertas,lane,15,7,58.766,12.158,6,1.013,6,3,0.0,7.22,1.0,closed_residential,1,,,0,,end,,0,,,0.0,72.948,33.944,60.664,-151.332,32.505,58.032,0,0,18,18,9,9,54,0,0,0,,K15_12_6:0.0,K15_13_0:0.141,K16_4_0:3.585,1
K15_13_0,building,K15_13,Fuente_Baja,lane,15,0,6.081,7.53,4,0.941,6,3,0.0,6.128,0.54,closed_residential,1,,,0,,,,0,,,0.0,45.18,33.437,69.114,-69.444,30.628,70.167,3,1,12,12,0,6,30,0,0,0,,K15_13_1:0.0,K15_12_7:0.141,K11_10_0:3.336,1
K15_13_1,building,K15_13,Fuente_Baja,lane,15,1,13.611,3.765,2,0.941,6,2,0.0,5.7,0.39,closed_residential,0,,,0,,,,0,,,0.0,22.59,35.42,74.402,-69.444,32.611,75.455,2,0,4,4,0,6,14,1,1,1,,K15_13_0:0.0,K15_12_7:7.671,K11_9_3:3.551,2
K15_13_2,building,K15_13,Fuente_Baja,lane,15,2,17.376,7.53,4,0.941,8,3,1.2,5.272,0.54,closed_residential,1,,,0,,,,0,,,0.0,60.24,39.463,78.917,-69.444,35.718,80.322,0,0,12,12,12,12,48,0,0,0,,K15_13_1:0.0,K15_14_0:6.903,K11_9_2:3.979,2
K15_13_3,building,K15_13,Fuente_Baja,lane,15,3,24.907,7.53,4,0.941,8,3,0.0,4.701,0.79,closed_residential,1,,,0,,,,0,,,0.0,60.24,40.984,86.39,-69.444,37.238,87.794,0,3,12,12,12,0,36,0,0,0,,K15_13_2:0.001,K15_14_0:0.0,K11_9_2:2.753,2
K15_14_0,building,K15_14,Fuente_Baja,lane,15,0,0.0,6.513,3,1.085,6,3,0.0,4.141,0.49,closed_residential,0,,,0,,,,0,,,0.0,39.078,42.7,92.891,-63.435,40.016,94.233,3,3,9,9,0,0,18,0,0,0,,,K15_13_3:0.0,K11_9_0:3.097,2
K15_15_0,building,K15_15,Fuente,lane,15,0,0.0,6.982,3,1.164,8,2,0.0,3.867,0.31,mixed_commercial,1,,,0,,,,0,,,0.0,55.856,46.738,97.831,-56.31,43.409,100.05,2,2,6,6,0,0,12,0,0,0,,,K15_14_0:0.0,K11_7_0:3.4,2
K15_16_0,building,K15_16,Fuente,lane,15,0,0.0,3.914,2,0.979,8,3,0.0,3.81,0.38,closed_residential,1,,,0,,,,0,,,0.0,31.312,49.628,101.733,-48.013,46.655,104.409,3,0,6,6,0,12,24,0,1,1,,K15_16_1:0.0,K15_15_0:0.0,K11_7_0:3.4,2
K15_16_1,building,K15_16,Fuente,lane,15,1,3.914,7.829,4,0.979,6,3,0.0,3.751,0.37,closed_residential,1,,,0,,,,0,,,0.0,46.974,52.813,106.766,-48.013,50.583,108.773,3,3,12,12,0,0,24,0,0,0,,K15_16_0:0.0,K15_0_0:0.0,K11_6_2:3.319,2
K16_1_0,building,K16_1,Callejon_Oeste_Salida,lane,16,0,0.0,5.821,3,0.97,4,3,0.0,1.278,0.12,closed_residential,1,,,0,,start,,0,,,0.0,23.284,2.598,125.79,8.13,2.881,127.77,0,3,9,9,6,0,24,1,0,0,,,K16_2_0:0.0,K8_10_1:3.606,1
K16_2_0,building,K16_2,Llano,lane,16,0,0.0,8.442,4,1.055,6,3,0.0,1.9,0.89,closed_residential,1,,,0,,start,,0,,,0.0,50.652,8.071,122.837,99.462,11.03,122.343,0,3,12,12,9,0,33,0,0,0,,K16_2_1:0.0,K16_1_0:0.0,K11_0_1:4.0,2
K16_2_1,building,K16_2,Llano,lane,16,1,8.442,8.442,4,1.055,8,3,0.0,2.949,1.44,closed_residential,1,,,0,,,,0,,,0.0,67.536,5.697,114.674,99.462,9.642,114.016,0,0,12,12,12,12,48,0,0,0,,K16_2_0:0.0,K16_3_0:0.0,K11_11_3:3.999,2
K16_3_0,building,K16_3,Llano,lane,16,0,0.0,10.194,5,1.019,6,2,0.0,3.644,0.49,mixed_commercial,1,,,0,,,,0,,,0.0,61.164,7.429,104.137,74.399,10.319,104.944,0,0,10,10,6,6,32,0,0,0,,K16_3_1:0.0,K16_2_1:0.0,K11_0_0:4.032,2
K16_3_1,building,K16_3,Llano,lane,16,1,10.194,8.155,4,1.019,6,2,-0.4,4.127,0.48,closed_residential,1,,,0,,,,0,,,0.0,48.93,10.282,95.408,74.399,13.171,96.215,0,2,8,8,6,0,22,0,0,0,,K16_3_2:0.0,K16_2_1:10.194,K11_11_3:3.669,2
K16_3_2,building,K16_3,Llano,lane,16,2,18.349,10.194,5,1.019,6,2,-0.4,4.61,0.53,closed_residential,1,,,0,,,,0,,,0.0,61.164,12.749,86.572,74.399,15.639,87.378,1,0,10,10,3,6,29,0,0,0,,K16_3_3:0.0,K16_2_1:18.349,K11_11_2:3.701,2
K16_3_3,building,K16_3,Llano,lane,16,3,28.543,8.155,4,1.019,6,3,-0.4,5.375,0.59,closed_residential,1,,,0,,,,0,,,0.0,48.93,15.216,77.735,74.399,18.106,78.542,1,0,12,12,6,9,39,0,0,0,,K16_3_2:0.0,K16_2_1:28.543,K11_11_0:3.748,2
K16_3_4,building,K16_3,Llano,lane,16,4,36.699,6.116,3,1.019,4,2,-0.4,5.964,0.5,closed_residential,1,,,0,,,,0,,,0.0,24.464,18.099,71.13,74.399,20.025,71.668,2,0,6,6,0,4,16,0,0,0,,K16_3_5:0.0,,K11_11_0:3.774,2
K16_3_5,building,K16_3,Llano,lane,16,5,42.815,10.194,5,1.019,4,3,0.0,6.671,0.69,closed_residential,1,,,0,,,,0,,,0.0,40.776,19.907,63.168,74.399,21.833,63.706,0,0,15,15,6,6,42,0,0,0,,K16_3_4:0.0,,K16_4_0:0.0,2
K16_4_0,wall,K16_4,Ronda_Huertas,lane,16,0,0.0,15.079,,,,,0.0,0.0,0.0,,0,,,0,,,,0,,,0.0,9.047,,,,,,,,,,,,,0,0,0,,,,,
K16_4_1,building,K16_4,Ronda_Huertas,lane,16,1,15.079,10.0,5,1.0,8,3,0.0,7.56,0.4,closed_residential,0,,,1,old,,,0,,,0.0,80.0,38.908,45.661,28.644,40.826,49.172,0,0,15,15,12,12,54,0,0,0,,K16_4_2:0.0,,K15_12_7:3.814,2
K16_4_2,wall,K16_4,Ronda_Huertas,lane,16,2,25.079,34.692,,,,,0.0,0.0,0.0,,0,,,0,,,,0,,,0.0,20.815,,,,,,,,,,,,,0,0,0,,,,,
K16_4_3,building,K16_4,Ronda_Huertas,lane,16,3,59.771,10.0,5,1.0,8,3,0.0,8.871,0.41,closed_residential,0,,,1,old,,,0,,,0.0,80.0,78.13,24.237,28.644,80.048,27.748,0,0,15,15,12,12,54,0,0,0,,K16_4_4:0.0,,K15_12_0:3.762,2
K16_4_4,wall,K16_4,Ronda_Huertas,lane,16,4,69.771,4.745,,,,,0.0,0.0,0.0,,0,,,0,,,,0,,,0.0,2.847,,,,,,,,,,,,,0,0,0,,,,,
K16_5_0,wall,K16_5,Ronda_Huertas,lane,16,0,0.0,20.037,,,,,0.0,0.0,0.0,,0,,,0,,,,0,,,0.0,12.022,,,,,,,,,,,,,0,0,0,,,,,
K16_6_0,wall,K16_6,Ronda_Huertas,lane,16,0,0.0,14.891,,,,,0.0,0.0,0.0,,0,,,0,,,,0,,,0.0,8.935,,,,,,,,,,,,,0,0,0,,,,,
K16_7_0,wall,K16_7,,plaza,16,0,0.0,3.773,,,,,0.0,0.0,0.0,,0,,,0,,,,0,,,0.0,2.264,,,,,,,,,,,,,0,0,0,,,,,
K16_8_0,wall,K16_8,,plaza,16,0,0.0,13.0,,,,,0.0,0.0,0.0,,0,,,0,,,,0,,,0.0,7.8,,,,,,,,,,,,,0,0,0,,,,,
K16_9_0,building,K16_9,,plaza,16,0,0.0,5.795,3,0.966,6,4,0.0,10.4,0.39,closed_residential,0,,,0,,end,,0,,,0.0,34.77,139.829,39.748,-109.983,137.01,38.723,0,0,12,12,12,12,48,0,0,0,,,K16_10_0:0.181,K16_8_0:0.0,1
K16_10_0,building,K16_10,Ronda_Mirador,lane,16,0,6.101,4.287,2,1.072,6,3,0.0,10.242,0.12,closed_residential,0,,,0,,,,0,,,0.0,25.722,144.676,42.873,-29.358,143.206,45.488,3,0,6,6,0,9,21,0,0,1,,,K16_11_0:0.0,K14_6_0:3.336,1
K16_11_0,building,K16_11,Ronda_Mirador,lane,16,0,0.0,8.598,4,1.075,6,2,0.0,10.185,0.14,closed_residential,0,,,0,,,,0,,,0.0,51.588,150.261,47.301,-43.264,148.205,49.485,0,2,8,8,6,0,22,0,0,0,,K16_11_1:0.0,K16_10_0:0.0,K14_4_0:3.6,2
K16_11_1,building,K16_11,Ronda_Mirador,lane,16,1,8.598,8.598,4,1.075,6,3,0.0,10.102,0.3,closed_residential,0,,,0,,,,0,,,0.0,51.588,156.522,53.194,-43.264,154.466,55.378,2,0,12,12,3,9,36,0,0,0,,K16_11_0:0.0,K16_12_0:2.931,K14_4_0:3.6,1
K16_12_0,wall,K16_12,San_Pedro_Salida,secondary,16,0,0.0,11.751,,,,,0.0,0.0,0.0,,0,,,0,,,,0,,,0.0,7.051,,,,,,,,,,,,,0,0,0,,,,,
K16_12_1,building,K16_12,San_Pedro_Salida,secondary,16,1,11.751,10.0,5,1.0,8,3,0.0,10.128,0.13,closed_residential,0,,,1,old,,,0,,,0.0,80.0,167.34,45.274,53.325,170.548,47.663,0,0,15,15,12,12,54,0,0,0,,K16_12_2:0.0,K16_11_1:4.755,K13_8_2:3.01,2
K16_12_2,wall,K16_12,San_Pedro_Salida,secondary,16,2,21.751,37.615,,,,,0.0,0.0,0.0,,0,,,0,,,,0,,,0.0,22.569,,,,,,,,,,,,,0,0,0,,,,,
