id,source_body,cadastral_ref,surface_component,sector,area_m2,short_side_m,long_side_m,dem_context_m,photo_result,production_ready,blocking_unknowns
POT-B001,8093001UN6789S/surface-5,8093001UN6789S,5,POT-S04,87.84098,6.5225,13.7255,288.0,IMAGE,False,Full visible facade coverage/opening coordinates; ridge topology/height; surveyed street-to-threshold relationship.
POT-B002,8093003UN6789S/surface-1,8093003UN6789S,1,POT-S04,276.430765,16.1539,23.3403,290.362,IMAGE,False,Full visible facade coverage/opening coordinates; ridge topology/height; surveyed street-to-threshold relationship.
POT-B003,8093004UN6789S/surface-1,8093004UN6789S,1,POT-S04,37.88228,6.012,6.448,289.17,IMAGE,False,Full visible facade coverage/opening coordinates; ridge topology/height; surveyed street-to-threshold relationship.
POT-B004,8093401UN6789S/surface-1,8093401UN6789S,1,POT-S01,68.44565,9.2527,9.5006,293.0,IMAGE,False,Principal entrance and complete ground storey are occluded; Numerical opening centres on both corner facades; Rear exposure/roof junction; Street-to-threshold elevation
POT-B005,8093402UN6789S/surface-1,8093402UN6789S,1,POT-S01,35.0876,6.1142,6.7895,293.657,IMAGE,False,Ground-floor/entrance occlusion; Full exposed facade coverage and axes; Roof/return junction and exact street elevations
POT-B006,8093403UN6789S/surface-1,8093403UN6789S,1,POT-S01,150.934717,10.6468,17.4696,293.579,IMAGE,False,Separate visible fronts by exact source-part boundary; Ground opening count and centres; Complete roof parts and level controls
POT-B007,8093404UN6789S/surface-1,8093404UN6789S,1,POT-S01,111.306295,8.5202,15.3202,293.507,IMAGE,False,Metric opening centres/widths and visible height control; Other exposed facades and complete ridge shape; Street-to-threshold elevation
POT-B008,8093405UN6789S/surface-1,8093405UN6789S,1,POT-S03,95.68365,8.6557,16.6102,293.983,IMAGE,False,Full visible facade coverage/opening coordinates; ridge topology/height; surveyed street-to-threshold relationship.
POT-B009,8093406UN6789S/surface-1,8093406UN6789S,1,POT-S03,68.854202,6.6435,12.3041,294.039,IMAGE,False,Full visible facade coverage/opening coordinates; ridge topology/height; surveyed street-to-threshold relationship.
POT-B010,8093407UN6789S/surface-1,8093407UN6789S,1,POT-S03,85.944553,8.9595,12.7124,296.859,IMAGE,False,Full visible facade coverage/opening coordinates; ridge topology/height; surveyed street-to-threshold relationship.
POT-B011,8093409UN6789S/surface-1,8093409UN6789S,1,POT-S03,43.7367,5.5347,8.5315,296.668,IMAGE,False,Full visible facade coverage/opening coordinates; ridge topology/height; surveyed street-to-threshold relationship.
POT-B012,8093410UN6789S/surface-1,8093410UN6789S,1,POT-S04,92.78137,8.0875,15.8611,295.264,IMAGE,False,Full visible facade coverage/opening coordinates; ridge topology/height; surveyed street-to-threshold relationship.
POT-B013,8093411UN6789S/surface-1,8093411UN6789S,1,POT-S04,22.240497,2.6007,8.9,296.027,IMAGE,False,Full visible facade coverage/opening coordinates; ridge topology/height; surveyed street-to-threshold relationship.
POT-B014,8093412UN6789S/surface-1,8093412UN6789S,1,POT-S04,65.053856,7.964,11.8542,297.567,IMAGE,False,Full visible facade coverage/opening coordinates; ridge topology/height; surveyed street-to-threshold relationship.
POT-B015,8093418UN6789S/surface-1,8093418UN6789S,1,POT-S04,92.2973,9.6861,10.9746,293.64,IMAGE,False,Full visible facade coverage/opening coordinates; ridge topology/height; surveyed street-to-threshold relationship.
POT-B016,8093419UN6789S/surface-1,8093419UN6789S,1,POT-S04,159.027,11.3451,18.5828,292.878,IMAGE,False,Full visible facade coverage/opening coordinates; ridge topology/height; surveyed street-to-threshold relationship.
POT-B017,8093420UN6789S/surface-1,8093420UN6789S,1,POT-S04,25.425232,5.4003,8.2068,296.281,IMAGE,False,Full visible facade coverage/opening coordinates; ridge topology/height; surveyed street-to-threshold relationship.
POT-B018,8094017UN6789S/surface-1,8094017UN6789S,1,POT-S02,180.719827,13.2613,14.3362,288.937,IMAGE,False,All opening centres and exact stair levels; Roof ridge vertices/height; Other visible river/return facade coverage
POT-B019,8193001UN6789S/surface-1,8193001UN6789S,1,POT-S03,113.797498,7.7152,16.6818,295.326,IMAGE,False,Full visible facade coverage/opening coordinates; ridge topology/height; surveyed street-to-threshold relationship.
POT-B020,8193002UN6789S/surface-1,8193002UN6789S,1,POT-S03,145.094666,10.2578,20.1354,295.359,IMAGE,False,Full visible facade coverage/opening coordinates; ridge topology/height; surveyed street-to-threshold relationship.
POT-B021,8193003UN6789S/surface-1,8193003UN6789S,1,POT-S03,99.702485,9.1691,11.0809,294.822,IMAGE,False,Full visible facade coverage/opening coordinates; ridge topology/height; surveyed street-to-threshold relationship.
POT-B022,8193004UN6789S/surface-1,8193004UN6789S,1,POT-S03,67.29563,5.4853,14.5844,298.0,IMAGE,False,Full visible facade coverage/opening coordinates; ridge topology/height; surveyed street-to-threshold relationship.
POT-B023,8193005UN6789S/surface-1,8193005UN6789S,1,POT-S03,59.617408,5.8153,12.5446,299.04,IMAGE,False,Full visible facade coverage/opening coordinates; ridge topology/height; surveyed street-to-threshold relationship.
POT-B024,8193006UN6789S/surface-1,8193006UN6789S,1,POT-S03,65.897193,8.1485,9.8638,300.131,IMAGE,False,Full visible facade coverage/opening coordinates; ridge topology/height; surveyed street-to-threshold relationship.
POT-B025,8193007UN6789S/surface-1,8193007UN6789S,1,POT-S03,191.880836,8.5569,23.7153,296.287,IMAGE,False,Full visible facade coverage/opening coordinates; ridge topology/height; surveyed street-to-threshold relationship.
POT-B026,8193008UN6789S/surface-1,8193008UN6789S,1,POT-S03,172.07368,9.8772,18.0576,294.884,IMAGE,False,Full visible facade coverage/opening coordinates; ridge topology/height; surveyed street-to-threshold relationship.
POT-B027,8193009UN6789S/surface-1,8193009UN6789S,1,POT-S03,90.064255,5.0738,18.5058,295.377,IMAGE,False,Full visible facade coverage/opening coordinates; ridge topology/height; surveyed street-to-threshold relationship.
POT-B028,8193601UN6789S/surface-1,8193601UN6789S,1,POT-S04,38.538143,6.1576,7.8065,300.052,IMAGE,False,Full visible facade coverage/opening coordinates; ridge topology/height; surveyed street-to-threshold relationship.
POT-B029,8193602UN6789S/surface-1,8193602UN6789S,1,POT-S04,91.593008,10.0179,13.921,299.232,IMAGE,False,Full visible facade coverage/opening coordinates; ridge topology/height; surveyed street-to-threshold relationship.
POT-B030,8193603UN6789S/surface-1,8193603UN6789S,1,POT-S04,72.910474,6.808,11.8092,299.485,IMAGE,False,Full visible facade coverage/opening coordinates; ridge topology/height; surveyed street-to-threshold relationship.
POT-B031,8193604UN6789S/surface-1,8193604UN6789S,1,POT-S04,85.582563,9.64,10.8945,299.689,IMAGE,False,Full visible facade coverage/opening coordinates; ridge topology/height; surveyed street-to-threshold relationship.
POT-B032,8193605UN6789S/surface-1,8193605UN6789S,1,POT-S04,104.262994,9.1261,12.9338,299.946,IMAGE,False,Full visible facade coverage/opening coordinates; ridge topology/height; surveyed street-to-threshold relationship.
POT-B033,8193605UN6789S/surface-2,8193605UN6789S,2,POT-S04,18.101,2.4599,7.7021,303.0,IMAGE,False,Full visible facade coverage/opening coordinates; ridge topology/height; surveyed street-to-threshold relationship.
POT-B034,8193605UN6789S/surface-3,8193605UN6789S,3,POT-S04,44.305698,6.4437,10.6838,301.7,IMAGE,False,Full visible facade coverage/opening coordinates; ridge topology/height; surveyed street-to-threshold relationship.
POT-B035,8193606UN6789S/surface-1,8193606UN6789S,1,POT-S04,83.477918,7.4627,15.2981,303.197,IMAGE,False,Full visible facade coverage/opening coordinates; ridge topology/height; surveyed street-to-threshold relationship.
POT-B036,8193608UN6789S/surface-1,8193608UN6789S,1,POT-S04,43.140784,6.8459,7.3784,303.604,IMAGE,False,Full visible facade coverage/opening coordinates; ridge topology/height; surveyed street-to-threshold relationship.
POT-B037,8193609UN6789S/surface-1,8193609UN6789S,1,POT-S04,29.600715,4.1933,7.9011,304.505,IMAGE,False,Full visible facade coverage/opening coordinates; ridge topology/height; surveyed street-to-threshold relationship.
POT-B038,8193610UN6789S/surface-1,8193610UN6789S,1,POT-S04,24.607871,4.3952,6.8187,305.018,IMAGE,False,Full visible facade coverage/opening coordinates; ridge topology/height; surveyed street-to-threshold relationship.
POT-B039,8193618UN6789S/surface-1,8193618UN6789S,1,POT-S04,182.181335,12.9551,20.2475,305.058,IMAGE,False,Full visible facade coverage/opening coordinates; ridge topology/height; surveyed street-to-threshold relationship.
POT-B040,8193619UN6789S/surface-1,8193619UN6789S,1,POT-S04,96.9487,7.4736,15.4218,304.823,IMAGE,False,Full visible facade coverage/opening coordinates; ridge topology/height; surveyed street-to-threshold relationship.
POT-B041,8193801UN6789S/surface-1,8193801UN6789S,1,POT-S01,55.521083,7.3345,8.3984,284.717,IMAGE,False,Entrance on bridge/street side and other exposed faces; Metric opening locations; Bridge/landing/threshold level controls
POT-B042,8193802UN6789S/surface-1,8193802UN6789S,1,POT-S01,165.597198,9.3003,22.2444,282.257,IMAGE,False,San Cayetano street-facing rear/front and entrance coverage; Individual opening centres on the river facade; Compound ridge graph and gallery returns; Walk-to-basement/upper-street level controls
POT-B043,8193803UN6789S/surface-1,8193803UN6789S,1,POT-S01,46.885387,7.0076,8.1921,287.086,IMAGE,False,Metric centres/widths and floor heights; Return/rear coverage and ridge topology; Threshold and riverwalk level controls
POT-B044,8193804UN6789S/surface-1,8193804UN6789S,1,POT-S01,140.617923,11.4338,15.5582,289.581,IMAGE,False,Metric positions and side opening count; Roof ridge geometry and level relationship to both streets
POT-B045,8193805UN6789S/surface-1,8193805UN6789S,1,POT-S01,140.168097,12.747,13.0468,286.179,IMAGE,False,Complete principal shop-opening segmentation and metric centres; Return/rear coverage; Roof plan and street/threshold control
POT-B046,8193806UN6789S/surface-1,8193806UN6789S,1,POT-S01,87.80935,9.9853,10.2503,290.703,IMAGE,False,"Photo does not show complete front opening count; Metric centres, rear/return coverage and ridge graph; Canopy ownership and threshold elevation"
POT-B047,8193807UN6789S/surface-1,8193807UN6789S,1,POT-S01,176.272568,8.7337,22.3709,288.203,IMAGE,False,Ground opening layout obscured; Complete river-side/roof-part coverage; Metric height/axis controls and level relationships
POT-B048,8193808UN6789S/surface-1,8193808UN6789S,1,POT-S01,195.524982,9.4468,23.2944,288.842,IMAGE,False,"Full ground frontage, side/rear coverage and metric axes; Compound roof parts/height and ground-level controls"
POT-B049,8193809UN6789S/surface-1,8193809UN6789S,1,POT-S01,169.751966,7.9091,24.1343,289.779,IMAGE,False,Full ground opening count and metric centres; River-side elevation/compound roof graph; Street-to-river level control
POT-B050,8193810UN6789S/surface-1,8193810UN6789S,1,POT-S01,185.470308,8.5415,24.8886,292.855,IMAGE,False,Exact ground opening segmentation and metric axes; Return facade/roof annex ownership and ridge shape; Road/river/threshold elevation
POT-B051,8193811UN6789S/surface-1,8193811UN6789S,1,POT-S01,83.019925,8.9004,11.3501,281.837,EMPTY_OR_UNREADABLE,False,Cadastral facade endpoint returned an empty body; complete frontage reference missing; Roof/massing/entrance and relationship to neighbouring 8193802; Levels
POT-B052,8194103UN6789S/surface-1,8194103UN6789S,1,POT-S02,110.06409,9.346,13.8646,288.886,IMAGE,False,Full visible facade coverage/opening coordinates; ridge topology/height; surveyed street-to-threshold relationship.
POT-B053,8194104UN6789S/surface-1,8194104UN6789S,1,POT-S02,49.220199,6.5012,9.0422,287.921,IMAGE,False,Full visible facade coverage/opening coordinates; ridge topology/height; surveyed street-to-threshold relationship.
POT-B054,8194105UN6789S/surface-1,8194105UN6789S,1,POT-S02,60.200309,7.8181,10.7233,286.303,IMAGE,False,Full visible facade coverage/opening coordinates; ridge topology/height; surveyed street-to-threshold relationship.
POT-B055,8194106UN6789S/surface-1,8194106UN6789S,1,POT-S02,272.510283,16.2651,16.7861,291.0,IMAGE,False,Full visible facade coverage/opening coordinates; ridge topology/height; surveyed street-to-threshold relationship.
POT-B056,8194503UN6789S/surface-1,8194503UN6789S,1,POT-S02,30.9462,5.1995,7.1827,288.497,IMAGE,False,Full visible facade coverage/opening coordinates; ridge topology/height; surveyed street-to-threshold relationship.
POT-B057,8194702UN6789S/surface-1,8194702UN6789S,1,POT-S02,206.12602,17.1394,18.3333,288.667,IMAGE,False,Full visible facade coverage/opening coordinates; ridge topology/height; surveyed street-to-threshold relationship.
POT-B058,8194703UN6789S/surface-1,8194703UN6789S,1,POT-S02,321.265442,17.139,18.9792,289.048,IMAGE,False,Full visible facade coverage/opening coordinates; ridge topology/height; surveyed street-to-threshold relationship.
