frame,hole_pixels,inspected_pixels
Espina_E_gnd_00_+35.jpg,0,921600
Espina_E_gnd_00_+70.jpg,0,921600
Espina_E_gnd_00_-35.jpg,0,921600
Espina_E_gnd_00_-70.jpg,0,921600
Espina_E_gnd_00_00.jpg,0,921600
Espina_E_gnd_01_+35.jpg,0,921600
Espina_E_gnd_01_+70.jpg,0,921600
Espina_E_gnd_01_-35.jpg,0,921600
Espina_E_gnd_01_-70.jpg,0,921600
Espina_E_gnd_01_00.jpg,0,921600
Espina_E_gnd_02_+35.jpg,0,921600
Espina_E_gnd_02_+70.jpg,0,921600
Espina_E_gnd_02_-35.jpg,0,921600
Espina_E_gnd_02_-70.jpg,0,921600
Espina_E_gnd_02_00.jpg,0,921600
Espina_E_gnd_03_+35.jpg,0,921600
Espina_E_gnd_03_+70.jpg,0,921600
Espina_E_gnd_03_-35.jpg,0,921600
Espina_E_gnd_03_-70.jpg,0,921600
Espina_E_gnd_03_00.jpg,0,921600
Espina_E_gnd_04_+35.jpg,0,921600
Espina_E_gnd_04_+70.jpg,0,921600
Espina_E_gnd_04_-35.jpg,0,921600
Espina_E_gnd_04_-70.jpg,0,921600
Espina_E_gnd_04_00.jpg,0,921600
Espina_E_gnd_05_+35.jpg,0,921600
Espina_E_gnd_05_+70.jpg,0,921600
Espina_E_gnd_05_-35.jpg,0,921600
Espina_E_gnd_05_-70.jpg,0,921600
Espina_E_gnd_05_00.jpg,0,921600
Espina_E_gnd_06_+35.jpg,0,921600
Espina_E_gnd_06_+70.jpg,0,921600
Espina_E_gnd_06_-35.jpg,0,921600
Espina_E_gnd_06_-70.jpg,0,921600
Espina_E_gnd_06_00.jpg,0,921600
Espina_E_gnd_07_+35.jpg,0,921600
Espina_E_gnd_07_+70.jpg,0,921600
Espina_E_gnd_07_-35.jpg,0,921600
Espina_E_gnd_07_-70.jpg,0,921600
Espina_E_gnd_07_00.jpg,0,921600
Espina_E_gnd_08_+35.jpg,0,921600
Espina_E_gnd_08_+70.jpg,0,921600
Espina_E_gnd_08_-35.jpg,0,921600
Espina_E_gnd_08_-70.jpg,0,921600
Espina_E_gnd_08_00.jpg,0,921600
Espina_E_gnd_09_+35.jpg,0,921600
Espina_E_gnd_09_+70.jpg,0,921600
Espina_E_gnd_09_-35.jpg,0,921600
Espina_E_gnd_09_-70.jpg,0,921600
Espina_E_gnd_09_00.jpg,0,921600
Espina_E_gnd_10_+35.jpg,0,921600
Espina_E_gnd_10_+70.jpg,0,921600
Espina_E_gnd_10_-35.jpg,0,921600
Espina_E_gnd_10_-70.jpg,0,921600
Espina_E_gnd_10_00.jpg,0,921600
